<?xml version="1.0" encoding="utf-8"?>
<!-- Generated by PRONEXUS WORKS -->
<link:linkbase xmlns:link="http://www.xbrl.org/2003/linkbase" xmlns:xsi="http://www.w3.org/2001/XMLSchema-instance" xmlns:xbrli="http://www.xbrl.org/2003/instance" xmlns:xlink="http://www.w3.org/1999/xlink">
  <link:roleRef xlink:type="simple" roleURI="http://disclosure.edinet-fsa.go.jp/jppfs/NonConsolidated/role/label" xlink:href="http://disclosure.edinet-fsa.go.jp/taxonomy/jppfs/2020-11-01/jppfs_rt_2020-11-01.xsd#rol_NonConsolidatedLabel" />
  <link:roleRef xlink:type="simple" roleURI="http://disclosure.edinet-fsa.go.jp/jppfs/Consolidated/role/label" xlink:href="http://disclosure.edinet-fsa.go.jp/taxonomy/jppfs/2020-11-01/jppfs_rt_2020-11-01.xsd#rol_ConsolidatedLabel" />
  <link:labelLink xlink:type="extended" xlink:role="http://www.xbrl.org/2003/role/link">
    <link:loc xlink:type="locator" xlink:href="jpcrp030000-asr-001_E03003-000_2021-03-31_01_2021-06-30.xsd#jpcrp030000-asr_E03003-000_LongTermAccountsReceivableIOA" xlink:label="LongTermAccountsReceivableIOA" />
    <link:loc xlink:type="locator" xlink:href="jpcrp030000-asr-001_E03003-000_2021-03-31_01_2021-06-30.xsd#jpcrp030000-asr_E03003-000_IncreaseDecreaseInAccruedRebateOpeCF" xlink:label="IncreaseDecreaseInAccruedRebateOpeCF" />
    <link:loc xlink:type="locator" xlink:href="jpcrp030000-asr-001_E03003-000_2021-03-31_01_2021-06-30.xsd#jpcrp030000-asr_E03003-000_VariousChargesIdleCapitalNOE" xlink:label="VariousChargesIdleCapitalNOE" />
    <link:loc xlink:type="locator" xlink:href="jpcrp030000-asr-001_E03003-000_2021-03-31_01_2021-06-30.xsd#jpcrp030000-asr_E03003-000_WholesalerOfDrugsIndustryReportableSegmentsMember" xlink:label="WholesalerOfDrugsIndustryReportableSegmentsMember" />
    <link:loc xlink:type="locator" xlink:href="jpcrp030000-asr-001_E03003-000_2021-03-31_01_2021-06-30.xsd#jpcrp030000-asr_E03003-000_MedicalEquipmentWholesaleIndustryReportableSegmentsMember" xlink:label="MedicalEquipmentWholesaleIndustryReportableSegmentsMember" />
    <link:loc xlink:type="locator" xlink:href="jpcrp030000-asr-001_E03003-000_2021-03-31_01_2021-06-30.xsd#jpcrp030000-asr_E03003-000_DispensingIndustryReportableSegmentsMember" xlink:label="DispensingIndustryReportableSegmentsMember" />
    <link:loc xlink:type="locator" xlink:href="jpcrp030000-asr-001_E03003-000_2021-03-31_01_2021-06-30.xsd#jpcrp030000-asr_E03003-000_NursingIndustryReportableSegmentsMember" xlink:label="NursingIndustryReportableSegmentsMember" />
    <link:loc xlink:type="locator" xlink:href="jpcrp030000-asr-001_E03003-000_2021-03-31_01_2021-06-30.xsd#jpcrp030000-asr_E03003-000_InformationAndCommunicationTechnologyIndustryReportableSegmentsMember" xlink:label="InformationAndCommunicationTechnologyIndustryReportableSegmentsMember" />
    <link:loc xlink:type="locator" xlink:href="http://disclosure.edinet-fsa.go.jp/taxonomy/jppfs/2020-11-01/jppfs_cor_2020-11-01.xsd#jppfs_cor_Inventories" xlink:label="Inventories" />
    <link:loc xlink:type="locator" xlink:href="http://disclosure.edinet-fsa.go.jp/taxonomy/jpcrp/2020-11-01/jpcrp_cor_2020-11-01.xsd#jpcrp_cor_NotesRegardingInventoriesTextBlock" xlink:label="NotesRegardingInventoriesTextBlock" />
    <link:loc xlink:type="locator" xlink:href="http://disclosure.edinet-fsa.go.jp/taxonomy/jpcrp/2020-11-01/jpcrp_cor_2020-11-01.xsd#jpcrp_cor_NotesRegardingPresentationOfInventoriesAndProvisionForLossOnConstructionContractsTextBlock" xlink:label="NotesRegardingPresentationOfInventoriesAndProvisionForLossOnConstructionContractsTextBlock" />
    <link:loc xlink:type="locator" xlink:href="http://disclosure.edinet-fsa.go.jp/taxonomy/jpcrp/2020-11-01/jpcrp_cor_2020-11-01.xsd#jpcrp_cor_NotesRegardingWriteDownsOfInventoriesTextBlock" xlink:label="NotesRegardingWriteDownsOfInventoriesTextBlock" />
    <link:loc xlink:type="locator" xlink:href="http://disclosure.edinet-fsa.go.jp/taxonomy/jpcrp/2020-11-01/jpcrp_cor_2020-11-01.xsd#jpcrp_cor_WriteDownsOfInventories" xlink:label="WriteDownsOfInventories" />
    <link:label xlink:type="resource" xlink:label="label_NotesRegardingInventoriesTextBlock" xml:lang="ja" xlink:role="http://disclosure.edinet-fsa.go.jp/jppfs/Consolidated/role/label" id="label_NotesRegardingInventoriesTextBlock">たな卸資産の内訳の注記</link:label>
    <link:labelArc xlink:type="arc" xlink:arcrole="http://www.xbrl.org/2003/arcrole/concept-label" xlink:from="NotesRegardingInventoriesTextBlock" xlink:to="label_NotesRegardingInventoriesTextBlock" />
    <link:label xlink:type="resource" xlink:label="label_NotesRegardingInventoriesTextBlock_2" xml:lang="ja" xlink:role="http://disclosure.edinet-fsa.go.jp/jppfs/NonConsolidated/role/label" id="label_NotesRegardingInventoriesTextBlock_2">たな卸資産の内訳の注記</link:label>
    <link:labelArc xlink:type="arc" xlink:arcrole="http://www.xbrl.org/2003/arcrole/concept-label" xlink:from="NotesRegardingInventoriesTextBlock" xlink:to="label_NotesRegardingInventoriesTextBlock_2" />
    <link:label xlink:type="resource" xlink:label="label_NotesRegardingPresentationOfInventoriesAndProvisionForLossOnConstructionContractsTextBlock" xml:lang="ja" xlink:role="http://disclosure.edinet-fsa.go.jp/jppfs/Consolidated/role/label" id="label_NotesRegardingPresentationOfInventoriesAndProvisionForLossOnConstructionContractsTextBlock">たな卸資産及び工事損失引当金の表示に関する注記</link:label>
    <link:labelArc xlink:type="arc" xlink:arcrole="http://www.xbrl.org/2003/arcrole/concept-label" xlink:from="NotesRegardingPresentationOfInventoriesAndProvisionForLossOnConstructionContractsTextBlock" xlink:to="label_NotesRegardingPresentationOfInventoriesAndProvisionForLossOnConstructionContractsTextBlock" />
    <link:label xlink:type="resource" xlink:label="label_NotesRegardingPresentationOfInventoriesAndProvisionForLossOnConstructionContractsTextBlock_2" xml:lang="ja" xlink:role="http://disclosure.edinet-fsa.go.jp/jppfs/NonConsolidated/role/label" id="label_NotesRegardingPresentationOfInventoriesAndProvisionForLossOnConstructionContractsTextBlock_2">たな卸資産及び工事損失引当金の表示に関する注記</link:label>
    <link:labelArc xlink:type="arc" xlink:arcrole="http://www.xbrl.org/2003/arcrole/concept-label" xlink:from="NotesRegardingPresentationOfInventoriesAndProvisionForLossOnConstructionContractsTextBlock" xlink:to="label_NotesRegardingPresentationOfInventoriesAndProvisionForLossOnConstructionContractsTextBlock_2" />
    <link:label xlink:type="resource" xlink:label="label_NotesRegardingWriteDownsOfInventoriesTextBlock" xml:lang="ja" xlink:role="http://disclosure.edinet-fsa.go.jp/jppfs/Consolidated/role/label" id="label_NotesRegardingWriteDownsOfInventoriesTextBlock">たな卸資産の帳簿価額の切下げに関する注記</link:label>
    <link:labelArc xlink:type="arc" xlink:arcrole="http://www.xbrl.org/2003/arcrole/concept-label" xlink:from="NotesRegardingWriteDownsOfInventoriesTextBlock" xlink:to="label_NotesRegardingWriteDownsOfInventoriesTextBlock" />
    <link:label xlink:type="resource" xlink:label="label_NotesRegardingWriteDownsOfInventoriesTextBlock_2" xml:lang="ja" xlink:role="http://disclosure.edinet-fsa.go.jp/jppfs/NonConsolidated/role/label" id="label_NotesRegardingWriteDownsOfInventoriesTextBlock_2">たな卸資産の帳簿価額の切下げに関する注記</link:label>
    <link:labelArc xlink:type="arc" xlink:arcrole="http://www.xbrl.org/2003/arcrole/concept-label" xlink:from="NotesRegardingWriteDownsOfInventoriesTextBlock" xlink:to="label_NotesRegardingWriteDownsOfInventoriesTextBlock_2" />
    <link:label xlink:type="resource" xlink:label="label_WriteDownsOfInventories" xml:lang="ja" xlink:role="http://disclosure.edinet-fsa.go.jp/jppfs/Consolidated/role/label" id="label_WriteDownsOfInventories">たな卸資産帳簿価額切下額</link:label>
    <link:labelArc xlink:type="arc" xlink:arcrole="http://www.xbrl.org/2003/arcrole/concept-label" xlink:from="WriteDownsOfInventories" xlink:to="label_WriteDownsOfInventories" />
    <link:label xlink:type="resource" xlink:label="label_WriteDownsOfInventories_2" xml:lang="ja" xlink:role="http://disclosure.edinet-fsa.go.jp/jppfs/NonConsolidated/role/label" id="label_WriteDownsOfInventories_2">たな卸資産帳簿価額切下額</link:label>
    <link:labelArc xlink:type="arc" xlink:arcrole="http://www.xbrl.org/2003/arcrole/concept-label" xlink:from="WriteDownsOfInventories" xlink:to="label_WriteDownsOfInventories_2" />
    <link:loc xlink:type="locator" xlink:href="http://disclosure.edinet-fsa.go.jp/taxonomy/jppfs/2020-11-01/jppfs_cor_2020-11-01.xsd#jppfs_cor_DecreaseIncreaseInInventoriesOpeCF" xlink:label="DecreaseIncreaseInInventoriesOpeCF" />
    <link:label xlink:type="resource" xlink:label="label_DecreaseIncreaseInInventoriesOpeCF" xml:lang="ja" xlink:role="http://disclosure.edinet-fsa.go.jp/jppfs/Consolidated/role/label" id="label_DecreaseIncreaseInInventoriesOpeCF">たな卸資産の増減額（△は増加）</link:label>
    <link:labelArc xlink:type="arc" xlink:arcrole="http://www.xbrl.org/2003/arcrole/concept-label" xlink:from="DecreaseIncreaseInInventoriesOpeCF" xlink:to="label_DecreaseIncreaseInInventoriesOpeCF" />
    <link:label xlink:type="resource" xlink:label="label_Inventories" xml:lang="ja" xlink:role="http://disclosure.edinet-fsa.go.jp/jppfs/Consolidated/role/label" id="label_Inventories">たな卸資産</link:label>
    <link:labelArc xlink:type="arc" xlink:arcrole="http://www.xbrl.org/2003/arcrole/concept-label" xlink:from="Inventories" xlink:to="label_Inventories" />
    <link:label xlink:type="resource" xlink:label="label_Inventories_2" xml:lang="ja" xlink:role="http://disclosure.edinet-fsa.go.jp/jppfs/NonConsolidated/role/label" id="label_Inventories_2">たな卸資産</link:label>
    <link:labelArc xlink:type="arc" xlink:arcrole="http://www.xbrl.org/2003/arcrole/concept-label" xlink:from="Inventories" xlink:to="label_Inventories_2" />
    <link:loc xlink:type="locator" xlink:href="jpcrp030000-asr-001_E03003-000_2021-03-31_01_2021-06-30.xsd#jpcrp030000-asr_E03003-000_TakeyamaShigekiMember" xlink:label="TakeyamaShigekiMember" />
    <link:loc xlink:type="locator" xlink:href="jpcrp030000-asr-001_E03003-000_2021-03-31_01_2021-06-30.xsd#jpcrp030000-asr_E03003-000_KobayashiTakakiyoMember" xlink:label="KobayashiTakakiyoMember" />
    <link:loc xlink:type="locator" xlink:href="jpcrp030000-asr-001_E03003-000_2021-03-31_01_2021-06-30.xsd#jpcrp030000-asr_E03003-000_YokouchiRyuzouMember" xlink:label="YokouchiRyuzouMember" />
    <link:loc xlink:type="locator" xlink:href="jpcrp030000-asr-001_E03003-000_2021-03-31_01_2021-06-30.xsd#jpcrp030000-asr_E03003-000_ManabeMasaakiMember" xlink:label="ManabeMasaakiMember" />
    <link:loc xlink:type="locator" xlink:href="jpcrp030000-asr-001_E03003-000_2021-03-31_01_2021-06-30.xsd#jpcrp030000-asr_E03003-000_ManabeMasanobuMember" xlink:label="ManabeMasanobuMember" />
    <link:loc xlink:type="locator" xlink:href="jpcrp030000-asr-001_E03003-000_2021-03-31_01_2021-06-30.xsd#jpcrp030000-asr_E03003-000_KurodaHirofumiMember" xlink:label="KurodaHirofumiMember" />
    <link:loc xlink:type="locator" xlink:href="jpcrp030000-asr-001_E03003-000_2021-03-31_01_2021-06-30.xsd#jpcrp030000-asr_E03003-000_SuzukiKenMember" xlink:label="SuzukiKenMember" />
    <link:loc xlink:type="locator" xlink:href="jpcrp030000-asr-001_E03003-000_2021-03-31_01_2021-06-30.xsd#jpcrp030000-asr_E03003-000_YoshimuraYoshiakiMember" xlink:label="YoshimuraYoshiakiMember" />
    <link:loc xlink:type="locator" xlink:href="jpcrp030000-asr-001_E03003-000_2021-03-31_01_2021-06-30.xsd#jpcrp030000-asr_E03003-000_FuruiShinetsuMember" xlink:label="FuruiShinetsuMember" />
    <link:loc xlink:type="locator" xlink:href="jpcrp030000-asr-001_E03003-000_2021-03-31_01_2021-06-30.xsd#jpcrp030000-asr_E03003-000_TsubonumaKazunariMember" xlink:label="TsubonumaKazunariMember" />
    <link:loc xlink:type="locator" xlink:href="jpcrp030000-asr-001_E03003-000_2021-03-31_01_2021-06-30.xsd#jpcrp030000-asr_E03003-000_KoderaMasashiMember" xlink:label="KoderaMasashiMember" />
    <link:label xlink:type="resource" xlink:label="label_IncreaseDecreaseInAccruedRebateOpeCF" xml:lang="ja" xlink:role="http://www.xbrl.org/2003/role/label" id="label_IncreaseDecreaseInAccruedRebateOpeCF">未収歩戻金の増減額（△は増加）</link:label>
    <link:labelArc xlink:type="arc" xlink:arcrole="http://www.xbrl.org/2003/arcrole/concept-label" xlink:from="IncreaseDecreaseInAccruedRebateOpeCF" xlink:to="label_IncreaseDecreaseInAccruedRebateOpeCF" />
    <link:label xlink:type="resource" xlink:label="label_IncreaseDecreaseInAccruedRebateOpeCF_2" xml:lang="ja" xlink:role="http://www.xbrl.org/2003/role/verboseLabel" id="label_IncreaseDecreaseInAccruedRebateOpeCF_2">未収歩戻金の増減額（△は増加）、営業活動によるキャッシュ・フロー</link:label>
    <link:labelArc xlink:type="arc" xlink:arcrole="http://www.xbrl.org/2003/arcrole/concept-label" xlink:from="IncreaseDecreaseInAccruedRebateOpeCF" xlink:to="label_IncreaseDecreaseInAccruedRebateOpeCF_2" />
    <link:label xlink:type="resource" xlink:label="label_LongTermAccountsReceivableIOA" xml:lang="ja" xlink:role="http://www.xbrl.org/2003/role/label" id="label_LongTermAccountsReceivableIOA">長期売掛金</link:label>
    <link:labelArc xlink:type="arc" xlink:arcrole="http://www.xbrl.org/2003/arcrole/concept-label" xlink:from="LongTermAccountsReceivableIOA" xlink:to="label_LongTermAccountsReceivableIOA" />
    <link:label xlink:type="resource" xlink:label="label_LongTermAccountsReceivableIOA_2" xml:lang="ja" xlink:role="http://www.xbrl.org/2003/role/verboseLabel" id="label_LongTermAccountsReceivableIOA_2">長期売掛金、投資その他の資産、固定資産、資産の部</link:label>
    <link:labelArc xlink:type="arc" xlink:arcrole="http://www.xbrl.org/2003/arcrole/concept-label" xlink:from="LongTermAccountsReceivableIOA" xlink:to="label_LongTermAccountsReceivableIOA_2" />
    <link:label xlink:type="resource" xlink:label="label_VariousChargesIdleCapitalNOE" xml:lang="ja" xlink:role="http://www.xbrl.org/2003/role/label" id="label_VariousChargesIdleCapitalNOE">遊休資産諸費用</link:label>
    <link:labelArc xlink:type="arc" xlink:arcrole="http://www.xbrl.org/2003/arcrole/concept-label" xlink:from="VariousChargesIdleCapitalNOE" xlink:to="label_VariousChargesIdleCapitalNOE" />
    <link:label xlink:type="resource" xlink:label="label_VariousChargesIdleCapitalNOE_2" xml:lang="ja" xlink:role="http://www.xbrl.org/2003/role/verboseLabel" id="label_VariousChargesIdleCapitalNOE_2">遊休資産諸費用、営業外費用</link:label>
    <link:labelArc xlink:type="arc" xlink:arcrole="http://www.xbrl.org/2003/arcrole/concept-label" xlink:from="VariousChargesIdleCapitalNOE" xlink:to="label_VariousChargesIdleCapitalNOE_2" />
    <link:label xlink:type="resource" xlink:label="label_WholesalerOfDrugsIndustryReportableSegmentsMember" xml:lang="ja" xlink:role="http://www.xbrl.org/2003/role/label" id="label_WholesalerOfDrugsIndustryReportableSegmentsMember">医薬品卸売事業</link:label>
    <link:labelArc xlink:type="arc" xlink:arcrole="http://www.xbrl.org/2003/arcrole/concept-label" xlink:from="WholesalerOfDrugsIndustryReportableSegmentsMember" xlink:to="label_WholesalerOfDrugsIndustryReportableSegmentsMember" />
    <link:label xlink:type="resource" xlink:label="label_WholesalerOfDrugsIndustryReportableSegmentsMember_2" xml:lang="ja" xlink:role="http://www.xbrl.org/2003/role/verboseLabel" id="label_WholesalerOfDrugsIndustryReportableSegmentsMember_2">医薬品卸売事業、報告セグメント [メンバー]</link:label>
    <link:labelArc xlink:type="arc" xlink:arcrole="http://www.xbrl.org/2003/arcrole/concept-label" xlink:from="WholesalerOfDrugsIndustryReportableSegmentsMember" xlink:to="label_WholesalerOfDrugsIndustryReportableSegmentsMember_2" />
    <link:label xlink:type="resource" xlink:label="label_MedicalEquipmentWholesaleIndustryReportableSegmentsMember" xml:lang="ja" xlink:role="http://www.xbrl.org/2003/role/label" id="label_MedicalEquipmentWholesaleIndustryReportableSegmentsMember">医療機器卸売事業</link:label>
    <link:labelArc xlink:type="arc" xlink:arcrole="http://www.xbrl.org/2003/arcrole/concept-label" xlink:from="MedicalEquipmentWholesaleIndustryReportableSegmentsMember" xlink:to="label_MedicalEquipmentWholesaleIndustryReportableSegmentsMember" />
    <link:label xlink:type="resource" xlink:label="label_MedicalEquipmentWholesaleIndustryReportableSegmentsMember_2" xml:lang="ja" xlink:role="http://www.xbrl.org/2003/role/verboseLabel" id="label_MedicalEquipmentWholesaleIndustryReportableSegmentsMember_2">医療機器卸売事業、報告セグメント [メンバー]</link:label>
    <link:labelArc xlink:type="arc" xlink:arcrole="http://www.xbrl.org/2003/arcrole/concept-label" xlink:from="MedicalEquipmentWholesaleIndustryReportableSegmentsMember" xlink:to="label_MedicalEquipmentWholesaleIndustryReportableSegmentsMember_2" />
    <link:label xlink:type="resource" xlink:label="label_DispensingIndustryReportableSegmentsMember" xml:lang="ja" xlink:role="http://www.xbrl.org/2003/role/label" id="label_DispensingIndustryReportableSegmentsMember">薬局事業</link:label>
    <link:labelArc xlink:type="arc" xlink:arcrole="http://www.xbrl.org/2003/arcrole/concept-label" xlink:from="DispensingIndustryReportableSegmentsMember" xlink:to="label_DispensingIndustryReportableSegmentsMember" />
    <link:label xlink:type="resource" xlink:label="label_DispensingIndustryReportableSegmentsMember_2" xml:lang="ja" xlink:role="http://www.xbrl.org/2003/role/verboseLabel" id="label_DispensingIndustryReportableSegmentsMember_2">調剤事業、報告セグメント [メンバー]</link:label>
    <link:labelArc xlink:type="arc" xlink:arcrole="http://www.xbrl.org/2003/arcrole/concept-label" xlink:from="DispensingIndustryReportableSegmentsMember" xlink:to="label_DispensingIndustryReportableSegmentsMember_2" />
    <link:label xlink:type="resource" xlink:label="label_NursingIndustryReportableSegmentsMember" xml:lang="ja" xlink:role="http://www.xbrl.org/2003/role/label" id="label_NursingIndustryReportableSegmentsMember">介護事業</link:label>
    <link:labelArc xlink:type="arc" xlink:arcrole="http://www.xbrl.org/2003/arcrole/concept-label" xlink:from="NursingIndustryReportableSegmentsMember" xlink:to="label_NursingIndustryReportableSegmentsMember" />
    <link:label xlink:type="resource" xlink:label="label_NursingIndustryReportableSegmentsMember_2" xml:lang="ja" xlink:role="http://www.xbrl.org/2003/role/verboseLabel" id="label_NursingIndustryReportableSegmentsMember_2">介護事業、報告セグメント [メンバー]</link:label>
    <link:labelArc xlink:type="arc" xlink:arcrole="http://www.xbrl.org/2003/arcrole/concept-label" xlink:from="NursingIndustryReportableSegmentsMember" xlink:to="label_NursingIndustryReportableSegmentsMember_2" />
    <link:label xlink:type="resource" xlink:label="label_InformationAndCommunicationTechnologyIndustryReportableSegmentsMember" xml:lang="ja" xlink:role="http://www.xbrl.org/2003/role/label" id="label_InformationAndCommunicationTechnologyIndustryReportableSegmentsMember">ＩＣＴ事業</link:label>
    <link:labelArc xlink:type="arc" xlink:arcrole="http://www.xbrl.org/2003/arcrole/concept-label" xlink:from="InformationAndCommunicationTechnologyIndustryReportableSegmentsMember" xlink:to="label_InformationAndCommunicationTechnologyIndustryReportableSegmentsMember" />
    <link:label xlink:type="resource" xlink:label="label_InformationAndCommunicationTechnologyIndustryReportableSegmentsMember_2" xml:lang="ja" xlink:role="http://www.xbrl.org/2003/role/verboseLabel" id="label_InformationAndCommunicationTechnologyIndustryReportableSegmentsMember_2">ICT事業、報告セグメント [メンバー]</link:label>
    <link:labelArc xlink:type="arc" xlink:arcrole="http://www.xbrl.org/2003/arcrole/concept-label" xlink:from="InformationAndCommunicationTechnologyIndustryReportableSegmentsMember" xlink:to="label_InformationAndCommunicationTechnologyIndustryReportableSegmentsMember_2" />
    <link:label xlink:type="resource" xlink:label="label_ManabeMasaakiMember" xml:lang="ja" xlink:role="http://www.xbrl.org/2003/role/verboseLabel" id="label_ManabeMasaakiMember">眞鍋　雅昭 [メンバー]</link:label>
    <link:labelArc xlink:type="arc" xlink:arcrole="http://www.xbrl.org/2003/arcrole/concept-label" xlink:from="ManabeMasaakiMember" xlink:to="label_ManabeMasaakiMember" />
    <link:label xlink:type="resource" xlink:label="label_ManabeMasaakiMember_2" xml:lang="ja" xlink:role="http://www.xbrl.org/2003/role/label" id="label_ManabeMasaakiMember_2">眞鍋　雅昭</link:label>
    <link:labelArc xlink:type="arc" xlink:arcrole="http://www.xbrl.org/2003/arcrole/concept-label" xlink:from="ManabeMasaakiMember" xlink:to="label_ManabeMasaakiMember_2" />
    <link:label xlink:type="resource" xlink:label="label_ManabeMasanobuMember" xml:lang="ja" xlink:role="http://www.xbrl.org/2003/role/verboseLabel" id="label_ManabeMasanobuMember">眞鍋　雅信 [メンバー]</link:label>
    <link:labelArc xlink:type="arc" xlink:arcrole="http://www.xbrl.org/2003/arcrole/concept-label" xlink:from="ManabeMasanobuMember" xlink:to="label_ManabeMasanobuMember" />
    <link:label xlink:type="resource" xlink:label="label_ManabeMasanobuMember_2" xml:lang="ja" xlink:role="http://www.xbrl.org/2003/role/label" id="label_ManabeMasanobuMember_2">眞鍋　雅信</link:label>
    <link:labelArc xlink:type="arc" xlink:arcrole="http://www.xbrl.org/2003/arcrole/concept-label" xlink:from="ManabeMasanobuMember" xlink:to="label_ManabeMasanobuMember_2" />
    <link:label xlink:type="resource" xlink:label="label_KurodaHirofumiMember" xml:lang="ja" xlink:role="http://www.xbrl.org/2003/role/verboseLabel" id="label_KurodaHirofumiMember">黒田　啓文 [メンバー]</link:label>
    <link:labelArc xlink:type="arc" xlink:arcrole="http://www.xbrl.org/2003/arcrole/concept-label" xlink:from="KurodaHirofumiMember" xlink:to="label_KurodaHirofumiMember" />
    <link:label xlink:type="resource" xlink:label="label_KurodaHirofumiMember_2" xml:lang="ja" xlink:role="http://www.xbrl.org/2003/role/label" id="label_KurodaHirofumiMember_2">黒田　啓文</link:label>
    <link:labelArc xlink:type="arc" xlink:arcrole="http://www.xbrl.org/2003/arcrole/concept-label" xlink:from="KurodaHirofumiMember" xlink:to="label_KurodaHirofumiMember_2" />
    <link:label xlink:type="resource" xlink:label="label_TakeyamaShigekiMember" xml:lang="ja" xlink:role="http://www.xbrl.org/2003/role/label" id="label_TakeyamaShigekiMember">竹山　茂樹</link:label>
    <link:labelArc xlink:type="arc" xlink:arcrole="http://www.xbrl.org/2003/arcrole/concept-label" xlink:from="TakeyamaShigekiMember" xlink:to="label_TakeyamaShigekiMember" />
    <link:label xlink:type="resource" xlink:label="label_TakeyamaShigekiMember_2" xml:lang="ja" xlink:role="http://www.xbrl.org/2003/role/verboseLabel" id="label_TakeyamaShigekiMember_2">竹山　茂樹 [メンバー]</link:label>
    <link:labelArc xlink:type="arc" xlink:arcrole="http://www.xbrl.org/2003/arcrole/concept-label" xlink:from="TakeyamaShigekiMember" xlink:to="label_TakeyamaShigekiMember_2" />
    <link:label xlink:type="resource" xlink:label="label_KobayashiTakakiyoMember" xml:lang="ja" xlink:role="http://www.xbrl.org/2003/role/label" id="label_KobayashiTakakiyoMember">小林　隆聖</link:label>
    <link:labelArc xlink:type="arc" xlink:arcrole="http://www.xbrl.org/2003/arcrole/concept-label" xlink:from="KobayashiTakakiyoMember" xlink:to="label_KobayashiTakakiyoMember" />
    <link:label xlink:type="resource" xlink:label="label_KobayashiTakakiyoMember_2" xml:lang="ja" xlink:role="http://www.xbrl.org/2003/role/verboseLabel" id="label_KobayashiTakakiyoMember_2">小林　隆聖 [メンバー]</link:label>
    <link:labelArc xlink:type="arc" xlink:arcrole="http://www.xbrl.org/2003/arcrole/concept-label" xlink:from="KobayashiTakakiyoMember" xlink:to="label_KobayashiTakakiyoMember_2" />
    <link:label xlink:type="resource" xlink:label="label_SuzukiKenMember" xml:lang="ja" xlink:role="http://www.xbrl.org/2003/role/verboseLabel" id="label_SuzukiKenMember">鈴木　賢 [メンバー]</link:label>
    <link:labelArc xlink:type="arc" xlink:arcrole="http://www.xbrl.org/2003/arcrole/concept-label" xlink:from="SuzukiKenMember" xlink:to="label_SuzukiKenMember" />
    <link:label xlink:type="resource" xlink:label="label_SuzukiKenMember_2" xml:lang="ja" xlink:role="http://www.xbrl.org/2003/role/label" id="label_SuzukiKenMember_2">鈴木　賢</link:label>
    <link:labelArc xlink:type="arc" xlink:arcrole="http://www.xbrl.org/2003/arcrole/concept-label" xlink:from="SuzukiKenMember" xlink:to="label_SuzukiKenMember_2" />
    <link:label xlink:type="resource" xlink:label="label_YoshimuraYoshiakiMember" xml:lang="ja" xlink:role="http://www.xbrl.org/2003/role/verboseLabel" id="label_YoshimuraYoshiakiMember">吉村　恭彰 [メンバー]</link:label>
    <link:labelArc xlink:type="arc" xlink:arcrole="http://www.xbrl.org/2003/arcrole/concept-label" xlink:from="YoshimuraYoshiakiMember" xlink:to="label_YoshimuraYoshiakiMember" />
    <link:label xlink:type="resource" xlink:label="label_YoshimuraYoshiakiMember_2" xml:lang="ja" xlink:role="http://www.xbrl.org/2003/role/label" id="label_YoshimuraYoshiakiMember_2">吉村　恭彰</link:label>
    <link:labelArc xlink:type="arc" xlink:arcrole="http://www.xbrl.org/2003/arcrole/concept-label" xlink:from="YoshimuraYoshiakiMember" xlink:to="label_YoshimuraYoshiakiMember_2" />
    <link:label xlink:type="resource" xlink:label="label_FuruiShinetsuMember" xml:lang="ja" xlink:role="http://www.xbrl.org/2003/role/verboseLabel" id="label_FuruiShinetsuMember">古井　新悦 [メンバー]</link:label>
    <link:labelArc xlink:type="arc" xlink:arcrole="http://www.xbrl.org/2003/arcrole/concept-label" xlink:from="FuruiShinetsuMember" xlink:to="label_FuruiShinetsuMember" />
    <link:label xlink:type="resource" xlink:label="label_FuruiShinetsuMember_2" xml:lang="ja" xlink:role="http://www.xbrl.org/2003/role/label" id="label_FuruiShinetsuMember_2">古井　新悦</link:label>
    <link:labelArc xlink:type="arc" xlink:arcrole="http://www.xbrl.org/2003/arcrole/concept-label" xlink:from="FuruiShinetsuMember" xlink:to="label_FuruiShinetsuMember_2" />
    <link:label xlink:type="resource" xlink:label="label_TsubonumaKazunariMember" xml:lang="ja" xlink:role="http://www.xbrl.org/2003/role/verboseLabel" id="label_TsubonumaKazunariMember">坪沼　一成 [メンバー]</link:label>
    <link:labelArc xlink:type="arc" xlink:arcrole="http://www.xbrl.org/2003/arcrole/concept-label" xlink:from="TsubonumaKazunariMember" xlink:to="label_TsubonumaKazunariMember" />
    <link:label xlink:type="resource" xlink:label="label_TsubonumaKazunariMember_2" xml:lang="ja" xlink:role="http://www.xbrl.org/2003/role/label" id="label_TsubonumaKazunariMember_2">坪沼　一成</link:label>
    <link:labelArc xlink:type="arc" xlink:arcrole="http://www.xbrl.org/2003/arcrole/concept-label" xlink:from="TsubonumaKazunariMember" xlink:to="label_TsubonumaKazunariMember_2" />
    <link:label xlink:type="resource" xlink:label="label_KoderaMasashiMember" xml:lang="ja" xlink:role="http://www.xbrl.org/2003/role/verboseLabel" id="label_KoderaMasashiMember">小寺　正史 [メンバー]</link:label>
    <link:labelArc xlink:type="arc" xlink:arcrole="http://www.xbrl.org/2003/arcrole/concept-label" xlink:from="KoderaMasashiMember" xlink:to="label_KoderaMasashiMember" />
    <link:label xlink:type="resource" xlink:label="label_KoderaMasashiMember_2" xml:lang="ja" xlink:role="http://www.xbrl.org/2003/role/label" id="label_KoderaMasashiMember_2">小寺　正史</link:label>
    <link:labelArc xlink:type="arc" xlink:arcrole="http://www.xbrl.org/2003/arcrole/concept-label" xlink:from="KoderaMasashiMember" xlink:to="label_KoderaMasashiMember_2" />
    <link:label xlink:type="resource" xlink:label="label_YokouchiRyuzouMember" xml:lang="ja" xlink:role="http://www.xbrl.org/2003/role/label" id="label_YokouchiRyuzouMember">横内　龍三</link:label>
    <link:labelArc xlink:type="arc" xlink:arcrole="http://www.xbrl.org/2003/arcrole/concept-label" xlink:from="YokouchiRyuzouMember" xlink:to="label_YokouchiRyuzouMember" />
    <link:label xlink:type="resource" xlink:label="label_YokouchiRyuzouMember_2" xml:lang="ja" xlink:role="http://www.xbrl.org/2003/role/verboseLabel" id="label_YokouchiRyuzouMember_2">横内　龍三 [メンバー]</link:label>
    <link:labelArc xlink:type="arc" xlink:arcrole="http://www.xbrl.org/2003/arcrole/concept-label" xlink:from="YokouchiRyuzouMember" xlink:to="label_YokouchiRyuzouMember_2" />
  </link:labelLink>
</link:linkbase>