<?xml version="1.0" encoding="utf-8"?>
<!-- Generated by PRONEXUS WORKS -->
<link:linkbase xmlns:link="http://www.xbrl.org/2003/linkbase" xmlns:xsi="http://www.w3.org/2001/XMLSchema-instance" xmlns:xbrli="http://www.xbrl.org/2003/instance" xmlns:xlink="http://www.w3.org/1999/xlink">
  <link:roleRef xlink:type="simple" roleURI="http://disclosure.edinet-fsa.go.jp/jppfs/NonConsolidated/role/label" xlink:href="http://disclosure.edinet-fsa.go.jp/taxonomy/jppfs/2020-11-01/jppfs_rt_2020-11-01.xsd#rol_NonConsolidatedLabel" />
  <link:roleRef xlink:type="simple" roleURI="http://disclosure.edinet-fsa.go.jp/jppfs/Consolidated/role/label" xlink:href="http://disclosure.edinet-fsa.go.jp/taxonomy/jppfs/2020-11-01/jppfs_rt_2020-11-01.xsd#rol_ConsolidatedLabel" />
  <link:labelLink xlink:type="extended" xlink:role="http://www.xbrl.org/2003/role/link">
    <link:loc xlink:type="locator" xlink:href="jpcrp030000-asr-001_E01441-000_2021-03-31_01_2021-06-30.xsd#jpcrp030000-asr_E01441-000_DecreaseIncreaseInOtherInvestmentsTradeOpeCF" xlink:label="DecreaseIncreaseInOtherInvestmentsTradeOpeCF" />
    <link:loc xlink:type="locator" xlink:href="http://disclosure.edinet-fsa.go.jp/taxonomy/jppfs/2020-11-01/jppfs_cor_2020-11-01.xsd#jppfs_cor_Inventories" xlink:label="Inventories" />
    <link:loc xlink:type="locator" xlink:href="http://disclosure.edinet-fsa.go.jp/taxonomy/jpcrp/2020-11-01/jpcrp_cor_2020-11-01.xsd#jpcrp_cor_NotesRegardingInventoriesTextBlock" xlink:label="NotesRegardingInventoriesTextBlock" />
    <link:loc xlink:type="locator" xlink:href="http://disclosure.edinet-fsa.go.jp/taxonomy/jpcrp/2020-11-01/jpcrp_cor_2020-11-01.xsd#jpcrp_cor_NotesRegardingPresentationOfInventoriesAndProvisionForLossOnConstructionContractsTextBlock" xlink:label="NotesRegardingPresentationOfInventoriesAndProvisionForLossOnConstructionContractsTextBlock" />
    <link:loc xlink:type="locator" xlink:href="http://disclosure.edinet-fsa.go.jp/taxonomy/jpcrp/2020-11-01/jpcrp_cor_2020-11-01.xsd#jpcrp_cor_NotesRegardingWriteDownsOfInventoriesTextBlock" xlink:label="NotesRegardingWriteDownsOfInventoriesTextBlock" />
    <link:label xlink:type="resource" xlink:label="label_NotesRegardingInventoriesTextBlock" xml:lang="ja" xlink:role="http://disclosure.edinet-fsa.go.jp/jppfs/Consolidated/role/label" id="label_NotesRegardingInventoriesTextBlock">たな卸資産の内訳の注記</link:label>
    <link:labelArc xlink:type="arc" xlink:arcrole="http://www.xbrl.org/2003/arcrole/concept-label" xlink:from="NotesRegardingInventoriesTextBlock" xlink:to="label_NotesRegardingInventoriesTextBlock" />
    <link:label xlink:type="resource" xlink:label="label_NotesRegardingInventoriesTextBlock_2" xml:lang="ja" xlink:role="http://disclosure.edinet-fsa.go.jp/jppfs/NonConsolidated/role/label" id="label_NotesRegardingInventoriesTextBlock_2">たな卸資産の内訳の注記</link:label>
    <link:labelArc xlink:type="arc" xlink:arcrole="http://www.xbrl.org/2003/arcrole/concept-label" xlink:from="NotesRegardingInventoriesTextBlock" xlink:to="label_NotesRegardingInventoriesTextBlock_2" />
    <link:label xlink:type="resource" xlink:label="label_NotesRegardingPresentationOfInventoriesAndProvisionForLossOnConstructionContractsTextBlock" xml:lang="ja" xlink:role="http://disclosure.edinet-fsa.go.jp/jppfs/Consolidated/role/label" id="label_NotesRegardingPresentationOfInventoriesAndProvisionForLossOnConstructionContractsTextBlock">たな卸資産及び工事損失引当金の表示に関する注記</link:label>
    <link:labelArc xlink:type="arc" xlink:arcrole="http://www.xbrl.org/2003/arcrole/concept-label" xlink:from="NotesRegardingPresentationOfInventoriesAndProvisionForLossOnConstructionContractsTextBlock" xlink:to="label_NotesRegardingPresentationOfInventoriesAndProvisionForLossOnConstructionContractsTextBlock" />
    <link:label xlink:type="resource" xlink:label="label_NotesRegardingPresentationOfInventoriesAndProvisionForLossOnConstructionContractsTextBlock_2" xml:lang="ja" xlink:role="http://disclosure.edinet-fsa.go.jp/jppfs/NonConsolidated/role/label" id="label_NotesRegardingPresentationOfInventoriesAndProvisionForLossOnConstructionContractsTextBlock_2">たな卸資産及び工事損失引当金の表示に関する注記</link:label>
    <link:labelArc xlink:type="arc" xlink:arcrole="http://www.xbrl.org/2003/arcrole/concept-label" xlink:from="NotesRegardingPresentationOfInventoriesAndProvisionForLossOnConstructionContractsTextBlock" xlink:to="label_NotesRegardingPresentationOfInventoriesAndProvisionForLossOnConstructionContractsTextBlock_2" />
    <link:loc xlink:type="locator" xlink:href="http://disclosure.edinet-fsa.go.jp/taxonomy/jppfs/2020-11-01/jppfs_cor_2020-11-01.xsd#jppfs_cor_DecreaseIncreaseInInventoriesOpeCF" xlink:label="DecreaseIncreaseInInventoriesOpeCF" />
    <link:label xlink:type="resource" xlink:label="label_DecreaseIncreaseInInventoriesOpeCF" xml:lang="ja" xlink:role="http://disclosure.edinet-fsa.go.jp/jppfs/Consolidated/role/label" id="label_DecreaseIncreaseInInventoriesOpeCF">たな卸資産の増減額（△は増加）</link:label>
    <link:labelArc xlink:type="arc" xlink:arcrole="http://www.xbrl.org/2003/arcrole/concept-label" xlink:from="DecreaseIncreaseInInventoriesOpeCF" xlink:to="label_DecreaseIncreaseInInventoriesOpeCF" />
    <link:label xlink:type="resource" xlink:label="label_Inventories" xml:lang="ja" xlink:role="http://disclosure.edinet-fsa.go.jp/jppfs/Consolidated/role/label" id="label_Inventories">たな卸資産</link:label>
    <link:labelArc xlink:type="arc" xlink:arcrole="http://www.xbrl.org/2003/arcrole/concept-label" xlink:from="Inventories" xlink:to="label_Inventories" />
    <link:label xlink:type="resource" xlink:label="label_Inventories_2" xml:lang="ja" xlink:role="http://disclosure.edinet-fsa.go.jp/jppfs/NonConsolidated/role/label" id="label_Inventories_2">たな卸資産</link:label>
    <link:labelArc xlink:type="arc" xlink:arcrole="http://www.xbrl.org/2003/arcrole/concept-label" xlink:from="Inventories" xlink:to="label_Inventories_2" />
    <link:loc xlink:type="locator" xlink:href="http://disclosure.edinet-fsa.go.jp/taxonomy/jpcrp/2020-11-01/jpcrp_cor_2020-11-01.xsd#jpcrp_cor_WriteDownsOfInventories" xlink:label="WriteDownsOfInventories" />
    <link:label xlink:type="resource" xlink:label="label_WriteDownsOfInventories" xml:lang="ja" xlink:role="http://disclosure.edinet-fsa.go.jp/jppfs/Consolidated/role/label" id="label_WriteDownsOfInventories">たな卸資産帳簿価額切下額</link:label>
    <link:labelArc xlink:type="arc" xlink:arcrole="http://www.xbrl.org/2003/arcrole/concept-label" xlink:from="WriteDownsOfInventories" xlink:to="label_WriteDownsOfInventories" />
    <link:label xlink:type="resource" xlink:label="label_NotesRegardingWriteDownsOfInventoriesTextBlock" xml:lang="ja" xlink:role="http://disclosure.edinet-fsa.go.jp/jppfs/Consolidated/role/label" id="label_NotesRegardingWriteDownsOfInventoriesTextBlock">たな卸資産の帳簿価額の切下げに関する注記</link:label>
    <link:labelArc xlink:type="arc" xlink:arcrole="http://www.xbrl.org/2003/arcrole/concept-label" xlink:from="NotesRegardingWriteDownsOfInventoriesTextBlock" xlink:to="label_NotesRegardingWriteDownsOfInventoriesTextBlock" />
    <link:label xlink:type="resource" xlink:label="label_NotesRegardingWriteDownsOfInventoriesTextBlock_2" xml:lang="ja" xlink:role="http://disclosure.edinet-fsa.go.jp/jppfs/NonConsolidated/role/label" id="label_NotesRegardingWriteDownsOfInventoriesTextBlock_2">たな卸資産の帳簿価額の切下げに関する注記</link:label>
    <link:labelArc xlink:type="arc" xlink:arcrole="http://www.xbrl.org/2003/arcrole/concept-label" xlink:from="NotesRegardingWriteDownsOfInventoriesTextBlock" xlink:to="label_NotesRegardingWriteDownsOfInventoriesTextBlock_2" />
    <link:loc xlink:type="locator" xlink:href="jpcrp030000-asr-001_E01441-000_2021-03-31_01_2021-06-30.xsd#jpcrp030000-asr_E01441-000_KitagawaYoshihitoMember" xlink:label="KitagawaYoshihitoMember" />
    <link:loc xlink:type="locator" xlink:href="jpcrp030000-asr-001_E01441-000_2021-03-31_01_2021-06-30.xsd#jpcrp030000-asr_E01441-000_KitagawaYoshinoriMember" xlink:label="KitagawaYoshinoriMember" />
    <link:loc xlink:type="locator" xlink:href="jpcrp030000-asr-001_E01441-000_2021-03-31_01_2021-06-30.xsd#jpcrp030000-asr_E01441-000_SasakiToshiakiMember" xlink:label="SasakiToshiakiMember" />
    <link:loc xlink:type="locator" xlink:href="jpcrp030000-asr-001_E01441-000_2021-03-31_01_2021-06-30.xsd#jpcrp030000-asr_E01441-000_ShimodaShuichiMember" xlink:label="ShimodaShuichiMember" />
    <link:loc xlink:type="locator" xlink:href="jpcrp030000-asr-001_E01441-000_2021-03-31_01_2021-06-30.xsd#jpcrp030000-asr_E01441-000_FurutaTakahisaMember" xlink:label="FurutaTakahisaMember" />
    <link:loc xlink:type="locator" xlink:href="jpcrp030000-asr-001_E01441-000_2021-03-31_01_2021-06-30.xsd#jpcrp030000-asr_E01441-000_UtumiJirouMember" xlink:label="UtumiJirouMember" />
    <link:loc xlink:type="locator" xlink:href="jpcrp030000-asr-001_E01441-000_2021-03-31_01_2021-06-30.xsd#jpcrp030000-asr_E01441-000_YoshikawaTamotsuMember" xlink:label="YoshikawaTamotsuMember" />
    <link:loc xlink:type="locator" xlink:href="jpcrp030000-asr-001_E01441-000_2021-03-31_01_2021-06-30.xsd#jpcrp030000-asr_E01441-000_KondouMasakazuMember" xlink:label="KondouMasakazuMember" />
    <link:loc xlink:type="locator" xlink:href="jpcrp030000-asr-001_E01441-000_2021-03-31_01_2021-06-30.xsd#jpcrp030000-asr_E01441-000_FujikiHaruhikoMember" xlink:label="FujikiHaruhikoMember" />
    <link:label xlink:type="resource" xlink:label="label_DecreaseIncreaseInOtherInvestmentsTradeOpeCF" xml:lang="ja" xlink:role="http://www.xbrl.org/2003/role/label" id="label_DecreaseIncreaseInOtherInvestmentsTradeOpeCF">投資その他の資産の増減額（△は増加）</link:label>
    <link:labelArc xlink:type="arc" xlink:arcrole="http://www.xbrl.org/2003/arcrole/concept-label" xlink:from="DecreaseIncreaseInOtherInvestmentsTradeOpeCF" xlink:to="label_DecreaseIncreaseInOtherInvestmentsTradeOpeCF" />
    <link:label xlink:type="resource" xlink:label="label_DecreaseIncreaseInOtherInvestmentsTradeOpeCF_2" xml:lang="ja" xlink:role="http://www.xbrl.org/2003/role/verboseLabel" id="label_DecreaseIncreaseInOtherInvestmentsTradeOpeCF_2">投資その他の資産の増減額（△は増加）、営業活動によるキャッシュ・フロー</link:label>
    <link:labelArc xlink:type="arc" xlink:arcrole="http://www.xbrl.org/2003/arcrole/concept-label" xlink:from="DecreaseIncreaseInOtherInvestmentsTradeOpeCF" xlink:to="label_DecreaseIncreaseInOtherInvestmentsTradeOpeCF_2" />
    <link:label xlink:type="resource" xlink:label="label_KitagawaYoshihitoMember" xml:lang="ja" xlink:role="http://www.xbrl.org/2003/role/verboseLabel" id="label_KitagawaYoshihitoMember">北川　芳仁 [メンバー]</link:label>
    <link:labelArc xlink:type="arc" xlink:arcrole="http://www.xbrl.org/2003/arcrole/concept-label" xlink:from="KitagawaYoshihitoMember" xlink:to="label_KitagawaYoshihitoMember" />
    <link:label xlink:type="resource" xlink:label="label_KitagawaYoshihitoMember_2" xml:lang="ja" xlink:role="http://www.xbrl.org/2003/role/label" id="label_KitagawaYoshihitoMember_2">北川　芳仁</link:label>
    <link:labelArc xlink:type="arc" xlink:arcrole="http://www.xbrl.org/2003/arcrole/concept-label" xlink:from="KitagawaYoshihitoMember" xlink:to="label_KitagawaYoshihitoMember_2" />
    <link:label xlink:type="resource" xlink:label="label_KitagawaYoshinoriMember" xml:lang="ja" xlink:role="http://www.xbrl.org/2003/role/verboseLabel" id="label_KitagawaYoshinoriMember">北川　芳徳 [メンバー]</link:label>
    <link:labelArc xlink:type="arc" xlink:arcrole="http://www.xbrl.org/2003/arcrole/concept-label" xlink:from="KitagawaYoshinoriMember" xlink:to="label_KitagawaYoshinoriMember" />
    <link:label xlink:type="resource" xlink:label="label_KitagawaYoshinoriMember_2" xml:lang="ja" xlink:role="http://www.xbrl.org/2003/role/label" id="label_KitagawaYoshinoriMember_2">北川　芳徳</link:label>
    <link:labelArc xlink:type="arc" xlink:arcrole="http://www.xbrl.org/2003/arcrole/concept-label" xlink:from="KitagawaYoshinoriMember" xlink:to="label_KitagawaYoshinoriMember_2" />
    <link:label xlink:type="resource" xlink:label="label_SasakiToshiakiMember" xml:lang="ja" xlink:role="http://www.xbrl.org/2003/role/verboseLabel" id="label_SasakiToshiakiMember">佐々木　利昭 [メンバー]</link:label>
    <link:labelArc xlink:type="arc" xlink:arcrole="http://www.xbrl.org/2003/arcrole/concept-label" xlink:from="SasakiToshiakiMember" xlink:to="label_SasakiToshiakiMember" />
    <link:label xlink:type="resource" xlink:label="label_SasakiToshiakiMember_2" xml:lang="ja" xlink:role="http://www.xbrl.org/2003/role/label" id="label_SasakiToshiakiMember_2">佐々木　利昭</link:label>
    <link:labelArc xlink:type="arc" xlink:arcrole="http://www.xbrl.org/2003/arcrole/concept-label" xlink:from="SasakiToshiakiMember" xlink:to="label_SasakiToshiakiMember_2" />
    <link:label xlink:type="resource" xlink:label="label_ShimodaShuichiMember" xml:lang="ja" xlink:role="http://www.xbrl.org/2003/role/verboseLabel" id="label_ShimodaShuichiMember">下田　修一 [メンバー]</link:label>
    <link:labelArc xlink:type="arc" xlink:arcrole="http://www.xbrl.org/2003/arcrole/concept-label" xlink:from="ShimodaShuichiMember" xlink:to="label_ShimodaShuichiMember" />
    <link:label xlink:type="resource" xlink:label="label_ShimodaShuichiMember_2" xml:lang="ja" xlink:role="http://www.xbrl.org/2003/role/label" id="label_ShimodaShuichiMember_2">下田　修一</link:label>
    <link:labelArc xlink:type="arc" xlink:arcrole="http://www.xbrl.org/2003/arcrole/concept-label" xlink:from="ShimodaShuichiMember" xlink:to="label_ShimodaShuichiMember_2" />
    <link:label xlink:type="resource" xlink:label="label_FurutaTakahisaMember" xml:lang="ja" xlink:role="http://www.xbrl.org/2003/role/label" id="label_FurutaTakahisaMember">古田　貴久</link:label>
    <link:labelArc xlink:type="arc" xlink:arcrole="http://www.xbrl.org/2003/arcrole/concept-label" xlink:from="FurutaTakahisaMember" xlink:to="label_FurutaTakahisaMember" />
    <link:label xlink:type="resource" xlink:label="label_FurutaTakahisaMember_2" xml:lang="ja" xlink:role="http://www.xbrl.org/2003/role/verboseLabel" id="label_FurutaTakahisaMember_2">古田　貴久 [メンバー]</link:label>
    <link:labelArc xlink:type="arc" xlink:arcrole="http://www.xbrl.org/2003/arcrole/concept-label" xlink:from="FurutaTakahisaMember" xlink:to="label_FurutaTakahisaMember_2" />
    <link:label xlink:type="resource" xlink:label="label_UtumiJirouMember" xml:lang="ja" xlink:role="http://www.xbrl.org/2003/role/label" id="label_UtumiJirouMember">内海　二郎</link:label>
    <link:labelArc xlink:type="arc" xlink:arcrole="http://www.xbrl.org/2003/arcrole/concept-label" xlink:from="UtumiJirouMember" xlink:to="label_UtumiJirouMember" />
    <link:label xlink:type="resource" xlink:label="label_UtumiJirouMember_2" xml:lang="ja" xlink:role="http://www.xbrl.org/2003/role/verboseLabel" id="label_UtumiJirouMember_2">内海　二郎 [メンバー]</link:label>
    <link:labelArc xlink:type="arc" xlink:arcrole="http://www.xbrl.org/2003/arcrole/concept-label" xlink:from="UtumiJirouMember" xlink:to="label_UtumiJirouMember_2" />
    <link:label xlink:type="resource" xlink:label="label_YoshikawaTamotsuMember" xml:lang="ja" xlink:role="http://www.xbrl.org/2003/role/verboseLabel" id="label_YoshikawaTamotsuMember">吉川　保 [メンバー]</link:label>
    <link:labelArc xlink:type="arc" xlink:arcrole="http://www.xbrl.org/2003/arcrole/concept-label" xlink:from="YoshikawaTamotsuMember" xlink:to="label_YoshikawaTamotsuMember" />
    <link:label xlink:type="resource" xlink:label="label_YoshikawaTamotsuMember_2" xml:lang="ja" xlink:role="http://www.xbrl.org/2003/role/label" id="label_YoshikawaTamotsuMember_2">吉川　保</link:label>
    <link:labelArc xlink:type="arc" xlink:arcrole="http://www.xbrl.org/2003/arcrole/concept-label" xlink:from="YoshikawaTamotsuMember" xlink:to="label_YoshikawaTamotsuMember_2" />
    <link:label xlink:type="resource" xlink:label="label_KondouMasakazuMember" xml:lang="ja" xlink:role="http://www.xbrl.org/2003/role/verboseLabel" id="label_KondouMasakazuMember">近藤 正和 [メンバー]</link:label>
    <link:labelArc xlink:type="arc" xlink:arcrole="http://www.xbrl.org/2003/arcrole/concept-label" xlink:from="KondouMasakazuMember" xlink:to="label_KondouMasakazuMember" />
    <link:label xlink:type="resource" xlink:label="label_KondouMasakazuMember_2" xml:lang="ja" xlink:role="http://www.xbrl.org/2003/role/label" id="label_KondouMasakazuMember_2">近藤 正和</link:label>
    <link:labelArc xlink:type="arc" xlink:arcrole="http://www.xbrl.org/2003/arcrole/concept-label" xlink:from="KondouMasakazuMember" xlink:to="label_KondouMasakazuMember_2" />
    <link:label xlink:type="resource" xlink:label="label_FujikiHaruhikoMember" xml:lang="ja" xlink:role="http://www.xbrl.org/2003/role/label" id="label_FujikiHaruhikoMember">藤木　晴彦</link:label>
    <link:labelArc xlink:type="arc" xlink:arcrole="http://www.xbrl.org/2003/arcrole/concept-label" xlink:from="FujikiHaruhikoMember" xlink:to="label_FujikiHaruhikoMember" />
    <link:label xlink:type="resource" xlink:label="label_FujikiHaruhikoMember_2" xml:lang="ja" xlink:role="http://www.xbrl.org/2003/role/verboseLabel" id="label_FujikiHaruhikoMember_2">藤木　晴彦 [メンバー]</link:label>
    <link:labelArc xlink:type="arc" xlink:arcrole="http://www.xbrl.org/2003/arcrole/concept-label" xlink:from="FujikiHaruhikoMember" xlink:to="label_FujikiHaruhikoMember_2" />
  </link:labelLink>
</link:linkbase>