<?xml version="1.0" encoding="utf-8"?>
<!-- Generated by PRONEXUS WORKS -->
<link:linkbase xmlns:link="http://www.xbrl.org/2003/linkbase" xmlns:xsi="http://www.w3.org/2001/XMLSchema-instance" xmlns:xbrli="http://www.xbrl.org/2003/instance" xmlns:xlink="http://www.w3.org/1999/xlink">
  <link:roleRef xlink:type="simple" roleURI="http://disclosure.edinet-fsa.go.jp/jppfs/NonConsolidated/role/label" xlink:href="http://disclosure.edinet-fsa.go.jp/taxonomy/jppfs/2020-11-01/jppfs_rt_2020-11-01.xsd#rol_NonConsolidatedLabel" />
  <link:roleRef xlink:type="simple" roleURI="http://disclosure.edinet-fsa.go.jp/jppfs/Consolidated/role/label" xlink:href="http://disclosure.edinet-fsa.go.jp/taxonomy/jppfs/2020-11-01/jppfs_rt_2020-11-01.xsd#rol_ConsolidatedLabel" />
  <link:labelLink xlink:type="extended" xlink:role="http://www.xbrl.org/2003/role/link">
    <link:loc xlink:type="locator" xlink:href="jpcrp030000-asr-001_E01441-000_2021-03-31_01_2021-06-30.xsd#jpcrp030000-asr_E01441-000_DecreaseIncreaseInOtherInvestmentsTradeOpeCF" xlink:label="DecreaseIncreaseInOtherInvestmentsTradeOpeCF" />
    <link:loc xlink:type="locator" xlink:href="http://disclosure.edinet-fsa.go.jp/taxonomy/jppfs/2020-11-01/jppfs_cor_2020-11-01.xsd#jppfs_cor_Inventories" xlink:label="Inventories" />
    <link:loc xlink:type="locator" xlink:href="http://disclosure.edinet-fsa.go.jp/taxonomy/jpcrp/2020-11-01/jpcrp_cor_2020-11-01.xsd#jpcrp_cor_NotesRegardingInventoriesTextBlock" xlink:label="NotesRegardingInventoriesTextBlock" />
    <link:loc xlink:type="locator" xlink:href="http://disclosure.edinet-fsa.go.jp/taxonomy/jpcrp/2020-11-01/jpcrp_cor_2020-11-01.xsd#jpcrp_cor_NotesRegardingPresentationOfInventoriesAndProvisionForLossOnConstructionContractsTextBlock" xlink:label="NotesRegardingPresentationOfInventoriesAndProvisionForLossOnConstructionContractsTextBlock" />
    <link:loc xlink:type="locator" xlink:href="http://disclosure.edinet-fsa.go.jp/taxonomy/jpcrp/2020-11-01/jpcrp_cor_2020-11-01.xsd#jpcrp_cor_NotesRegardingWriteDownsOfInventoriesTextBlock" xlink:label="NotesRegardingWriteDownsOfInventoriesTextBlock" />
    <link:label xlink:type="resource" xlink:label="label_NotesRegardingInventoriesTextBlock" xml:lang="en" xlink:role="http://disclosure.edinet-fsa.go.jp/jppfs/Consolidated/role/label" id="label_NotesRegardingInventoriesTextBlock">Notes regarding components of inventories</link:label>
    <link:labelArc xlink:type="arc" xlink:arcrole="http://www.xbrl.org/2003/arcrole/concept-label" xlink:from="NotesRegardingInventoriesTextBlock" xlink:to="label_NotesRegardingInventoriesTextBlock" />
    <link:label xlink:type="resource" xlink:label="label_NotesRegardingInventoriesTextBlock_2" xml:lang="en" xlink:role="http://disclosure.edinet-fsa.go.jp/jppfs/NonConsolidated/role/label" id="label_NotesRegardingInventoriesTextBlock_2">Notes regarding components of inventories</link:label>
    <link:labelArc xlink:type="arc" xlink:arcrole="http://www.xbrl.org/2003/arcrole/concept-label" xlink:from="NotesRegardingInventoriesTextBlock" xlink:to="label_NotesRegardingInventoriesTextBlock_2" />
    <link:label xlink:type="resource" xlink:label="label_NotesRegardingPresentationOfInventoriesAndProvisionForLossOnConstructionContractsTextBlock" xml:lang="en" xlink:role="http://disclosure.edinet-fsa.go.jp/jppfs/Consolidated/role/label" id="label_NotesRegardingPresentationOfInventoriesAndProvisionForLossOnConstructionContractsTextBlock">Notes regarding presentation of inventories and provision for loss on construction contracts</link:label>
    <link:labelArc xlink:type="arc" xlink:arcrole="http://www.xbrl.org/2003/arcrole/concept-label" xlink:from="NotesRegardingPresentationOfInventoriesAndProvisionForLossOnConstructionContractsTextBlock" xlink:to="label_NotesRegardingPresentationOfInventoriesAndProvisionForLossOnConstructionContractsTextBlock" />
    <link:label xlink:type="resource" xlink:label="label_NotesRegardingPresentationOfInventoriesAndProvisionForLossOnConstructionContractsTextBlock_2" xml:lang="en" xlink:role="http://disclosure.edinet-fsa.go.jp/jppfs/NonConsolidated/role/label" id="label_NotesRegardingPresentationOfInventoriesAndProvisionForLossOnConstructionContractsTextBlock_2">Notes regarding presentation of inventories and provision for loss on construction contracts</link:label>
    <link:labelArc xlink:type="arc" xlink:arcrole="http://www.xbrl.org/2003/arcrole/concept-label" xlink:from="NotesRegardingPresentationOfInventoriesAndProvisionForLossOnConstructionContractsTextBlock" xlink:to="label_NotesRegardingPresentationOfInventoriesAndProvisionForLossOnConstructionContractsTextBlock_2" />
    <link:loc xlink:type="locator" xlink:href="http://disclosure.edinet-fsa.go.jp/taxonomy/jppfs/2020-11-01/jppfs_cor_2020-11-01.xsd#jppfs_cor_DecreaseIncreaseInInventoriesOpeCF" xlink:label="DecreaseIncreaseInInventoriesOpeCF" />
    <link:label xlink:type="resource" xlink:label="label_DecreaseIncreaseInInventoriesOpeCF" xml:lang="en" xlink:role="http://disclosure.edinet-fsa.go.jp/jppfs/Consolidated/role/label" id="label_DecreaseIncreaseInInventoriesOpeCF">Decrease (increase) in inventories</link:label>
    <link:labelArc xlink:type="arc" xlink:arcrole="http://www.xbrl.org/2003/arcrole/concept-label" xlink:from="DecreaseIncreaseInInventoriesOpeCF" xlink:to="label_DecreaseIncreaseInInventoriesOpeCF" />
    <link:label xlink:type="resource" xlink:label="label_Inventories" xml:lang="en" xlink:role="http://disclosure.edinet-fsa.go.jp/jppfs/Consolidated/role/label" id="label_Inventories">Inventories</link:label>
    <link:labelArc xlink:type="arc" xlink:arcrole="http://www.xbrl.org/2003/arcrole/concept-label" xlink:from="Inventories" xlink:to="label_Inventories" />
    <link:label xlink:type="resource" xlink:label="label_Inventories_2" xml:lang="en" xlink:role="http://disclosure.edinet-fsa.go.jp/jppfs/NonConsolidated/role/label" id="label_Inventories_2">Inventories</link:label>
    <link:labelArc xlink:type="arc" xlink:arcrole="http://www.xbrl.org/2003/arcrole/concept-label" xlink:from="Inventories" xlink:to="label_Inventories_2" />
    <link:loc xlink:type="locator" xlink:href="http://disclosure.edinet-fsa.go.jp/taxonomy/jpcrp/2020-11-01/jpcrp_cor_2020-11-01.xsd#jpcrp_cor_WriteDownsOfInventories" xlink:label="WriteDownsOfInventories" />
    <link:label xlink:type="resource" xlink:label="label_WriteDownsOfInventories" xml:lang="en" xlink:role="http://disclosure.edinet-fsa.go.jp/jppfs/Consolidated/role/label" id="label_WriteDownsOfInventories">Write-downs of inventories</link:label>
    <link:labelArc xlink:type="arc" xlink:arcrole="http://www.xbrl.org/2003/arcrole/concept-label" xlink:from="WriteDownsOfInventories" xlink:to="label_WriteDownsOfInventories" />
    <link:label xlink:type="resource" xlink:label="label_NotesRegardingWriteDownsOfInventoriesTextBlock" xml:lang="en" xlink:role="http://disclosure.edinet-fsa.go.jp/jppfs/Consolidated/role/label" id="label_NotesRegardingWriteDownsOfInventoriesTextBlock">Notes regarding write-downs of inventories</link:label>
    <link:labelArc xlink:type="arc" xlink:arcrole="http://www.xbrl.org/2003/arcrole/concept-label" xlink:from="NotesRegardingWriteDownsOfInventoriesTextBlock" xlink:to="label_NotesRegardingWriteDownsOfInventoriesTextBlock" />
    <link:label xlink:type="resource" xlink:label="label_NotesRegardingWriteDownsOfInventoriesTextBlock_2" xml:lang="en" xlink:role="http://disclosure.edinet-fsa.go.jp/jppfs/NonConsolidated/role/label" id="label_NotesRegardingWriteDownsOfInventoriesTextBlock_2">Notes regarding write-downs of inventories</link:label>
    <link:labelArc xlink:type="arc" xlink:arcrole="http://www.xbrl.org/2003/arcrole/concept-label" xlink:from="NotesRegardingWriteDownsOfInventoriesTextBlock" xlink:to="label_NotesRegardingWriteDownsOfInventoriesTextBlock_2" />
    <link:loc xlink:type="locator" xlink:href="jpcrp030000-asr-001_E01441-000_2021-03-31_01_2021-06-30.xsd#jpcrp030000-asr_E01441-000_KitagawaYoshihitoMember" xlink:label="KitagawaYoshihitoMember" />
    <link:loc xlink:type="locator" xlink:href="jpcrp030000-asr-001_E01441-000_2021-03-31_01_2021-06-30.xsd#jpcrp030000-asr_E01441-000_KitagawaYoshinoriMember" xlink:label="KitagawaYoshinoriMember" />
    <link:loc xlink:type="locator" xlink:href="jpcrp030000-asr-001_E01441-000_2021-03-31_01_2021-06-30.xsd#jpcrp030000-asr_E01441-000_SasakiToshiakiMember" xlink:label="SasakiToshiakiMember" />
    <link:loc xlink:type="locator" xlink:href="jpcrp030000-asr-001_E01441-000_2021-03-31_01_2021-06-30.xsd#jpcrp030000-asr_E01441-000_ShimodaShuichiMember" xlink:label="ShimodaShuichiMember" />
    <link:loc xlink:type="locator" xlink:href="jpcrp030000-asr-001_E01441-000_2021-03-31_01_2021-06-30.xsd#jpcrp030000-asr_E01441-000_FurutaTakahisaMember" xlink:label="FurutaTakahisaMember" />
    <link:loc xlink:type="locator" xlink:href="jpcrp030000-asr-001_E01441-000_2021-03-31_01_2021-06-30.xsd#jpcrp030000-asr_E01441-000_UtumiJirouMember" xlink:label="UtumiJirouMember" />
    <link:loc xlink:type="locator" xlink:href="jpcrp030000-asr-001_E01441-000_2021-03-31_01_2021-06-30.xsd#jpcrp030000-asr_E01441-000_YoshikawaTamotsuMember" xlink:label="YoshikawaTamotsuMember" />
    <link:loc xlink:type="locator" xlink:href="jpcrp030000-asr-001_E01441-000_2021-03-31_01_2021-06-30.xsd#jpcrp030000-asr_E01441-000_KondouMasakazuMember" xlink:label="KondouMasakazuMember" />
    <link:loc xlink:type="locator" xlink:href="jpcrp030000-asr-001_E01441-000_2021-03-31_01_2021-06-30.xsd#jpcrp030000-asr_E01441-000_FujikiHaruhikoMember" xlink:label="FujikiHaruhikoMember" />
    <link:label xlink:type="resource" xlink:label="label_DecreaseIncreaseInOtherInvestmentsTradeOpeCF" xml:lang="en" xlink:role="http://www.xbrl.org/2003/role/label" id="label_DecreaseIncreaseInOtherInvestmentsTradeOpeCF">Decrease (increase) in other investments -trade</link:label>
    <link:labelArc xlink:type="arc" xlink:arcrole="http://www.xbrl.org/2003/arcrole/concept-label" xlink:from="DecreaseIncreaseInOtherInvestmentsTradeOpeCF" xlink:to="label_DecreaseIncreaseInOtherInvestmentsTradeOpeCF" />
    <link:label xlink:type="resource" xlink:label="label_DecreaseIncreaseInOtherInvestmentsTradeOpeCF_2" xml:lang="en" xlink:role="http://www.xbrl.org/2003/role/verboseLabel" id="label_DecreaseIncreaseInOtherInvestmentsTradeOpeCF_2">Decrease (increase) in other investments -trade -OpeCF</link:label>
    <link:labelArc xlink:type="arc" xlink:arcrole="http://www.xbrl.org/2003/arcrole/concept-label" xlink:from="DecreaseIncreaseInOtherInvestmentsTradeOpeCF" xlink:to="label_DecreaseIncreaseInOtherInvestmentsTradeOpeCF_2" />
    <link:label xlink:type="resource" xlink:label="label_KitagawaYoshihitoMember" xml:lang="en" xlink:role="http://www.xbrl.org/2003/role/verboseLabel" id="label_KitagawaYoshihitoMember">Kitagawa, Yoshihito [member]</link:label>
    <link:labelArc xlink:type="arc" xlink:arcrole="http://www.xbrl.org/2003/arcrole/concept-label" xlink:from="KitagawaYoshihitoMember" xlink:to="label_KitagawaYoshihitoMember" />
    <link:label xlink:type="resource" xlink:label="label_KitagawaYoshihitoMember_2" xml:lang="en" xlink:role="http://www.xbrl.org/2003/role/label" id="label_KitagawaYoshihitoMember_2">Kitagawa, Yoshihito</link:label>
    <link:labelArc xlink:type="arc" xlink:arcrole="http://www.xbrl.org/2003/arcrole/concept-label" xlink:from="KitagawaYoshihitoMember" xlink:to="label_KitagawaYoshihitoMember_2" />
    <link:label xlink:type="resource" xlink:label="label_KitagawaYoshinoriMember" xml:lang="en" xlink:role="http://www.xbrl.org/2003/role/verboseLabel" id="label_KitagawaYoshinoriMember">Kitagawa, Yoshinori [member]</link:label>
    <link:labelArc xlink:type="arc" xlink:arcrole="http://www.xbrl.org/2003/arcrole/concept-label" xlink:from="KitagawaYoshinoriMember" xlink:to="label_KitagawaYoshinoriMember" />
    <link:label xlink:type="resource" xlink:label="label_KitagawaYoshinoriMember_2" xml:lang="en" xlink:role="http://www.xbrl.org/2003/role/label" id="label_KitagawaYoshinoriMember_2">Kitagawa, Yoshinori</link:label>
    <link:labelArc xlink:type="arc" xlink:arcrole="http://www.xbrl.org/2003/arcrole/concept-label" xlink:from="KitagawaYoshinoriMember" xlink:to="label_KitagawaYoshinoriMember_2" />
    <link:label xlink:type="resource" xlink:label="label_SasakiToshiakiMember" xml:lang="en" xlink:role="http://www.xbrl.org/2003/role/verboseLabel" id="label_SasakiToshiakiMember">Sasaki, Toshiaki [member]</link:label>
    <link:labelArc xlink:type="arc" xlink:arcrole="http://www.xbrl.org/2003/arcrole/concept-label" xlink:from="SasakiToshiakiMember" xlink:to="label_SasakiToshiakiMember" />
    <link:label xlink:type="resource" xlink:label="label_SasakiToshiakiMember_2" xml:lang="en" xlink:role="http://www.xbrl.org/2003/role/label" id="label_SasakiToshiakiMember_2">Sasaki, Toshiaki</link:label>
    <link:labelArc xlink:type="arc" xlink:arcrole="http://www.xbrl.org/2003/arcrole/concept-label" xlink:from="SasakiToshiakiMember" xlink:to="label_SasakiToshiakiMember_2" />
    <link:label xlink:type="resource" xlink:label="label_ShimodaShuichiMember" xml:lang="en" xlink:role="http://www.xbrl.org/2003/role/verboseLabel" id="label_ShimodaShuichiMember">Shimoda, Shuichi [member]</link:label>
    <link:labelArc xlink:type="arc" xlink:arcrole="http://www.xbrl.org/2003/arcrole/concept-label" xlink:from="ShimodaShuichiMember" xlink:to="label_ShimodaShuichiMember" />
    <link:label xlink:type="resource" xlink:label="label_ShimodaShuichiMember_2" xml:lang="en" xlink:role="http://www.xbrl.org/2003/role/label" id="label_ShimodaShuichiMember_2">Shimoda, Shuichi</link:label>
    <link:labelArc xlink:type="arc" xlink:arcrole="http://www.xbrl.org/2003/arcrole/concept-label" xlink:from="ShimodaShuichiMember" xlink:to="label_ShimodaShuichiMember_2" />
    <link:label xlink:type="resource" xlink:label="label_FurutaTakahisaMember" xml:lang="en" xlink:role="http://www.xbrl.org/2003/role/label" id="label_FurutaTakahisaMember">Furuta, Takahisa</link:label>
    <link:labelArc xlink:type="arc" xlink:arcrole="http://www.xbrl.org/2003/arcrole/concept-label" xlink:from="FurutaTakahisaMember" xlink:to="label_FurutaTakahisaMember" />
    <link:label xlink:type="resource" xlink:label="label_FurutaTakahisaMember_2" xml:lang="en" xlink:role="http://www.xbrl.org/2003/role/verboseLabel" id="label_FurutaTakahisaMember_2">Furuta, Takahisa [member]</link:label>
    <link:labelArc xlink:type="arc" xlink:arcrole="http://www.xbrl.org/2003/arcrole/concept-label" xlink:from="FurutaTakahisaMember" xlink:to="label_FurutaTakahisaMember_2" />
    <link:label xlink:type="resource" xlink:label="label_UtumiJirouMember" xml:lang="en" xlink:role="http://www.xbrl.org/2003/role/label" id="label_UtumiJirouMember">Utumi, Jirou</link:label>
    <link:labelArc xlink:type="arc" xlink:arcrole="http://www.xbrl.org/2003/arcrole/concept-label" xlink:from="UtumiJirouMember" xlink:to="label_UtumiJirouMember" />
    <link:label xlink:type="resource" xlink:label="label_UtumiJirouMember_2" xml:lang="en" xlink:role="http://www.xbrl.org/2003/role/verboseLabel" id="label_UtumiJirouMember_2">Utumi, Jirou [member]</link:label>
    <link:labelArc xlink:type="arc" xlink:arcrole="http://www.xbrl.org/2003/arcrole/concept-label" xlink:from="UtumiJirouMember" xlink:to="label_UtumiJirouMember_2" />
    <link:label xlink:type="resource" xlink:label="label_YoshikawaTamotsuMember" xml:lang="en" xlink:role="http://www.xbrl.org/2003/role/verboseLabel" id="label_YoshikawaTamotsuMember">Yoshikawa, Tamotsu [member]</link:label>
    <link:labelArc xlink:type="arc" xlink:arcrole="http://www.xbrl.org/2003/arcrole/concept-label" xlink:from="YoshikawaTamotsuMember" xlink:to="label_YoshikawaTamotsuMember" />
    <link:label xlink:type="resource" xlink:label="label_YoshikawaTamotsuMember_2" xml:lang="en" xlink:role="http://www.xbrl.org/2003/role/label" id="label_YoshikawaTamotsuMember_2">Yoshikawa, Tamotsu</link:label>
    <link:labelArc xlink:type="arc" xlink:arcrole="http://www.xbrl.org/2003/arcrole/concept-label" xlink:from="YoshikawaTamotsuMember" xlink:to="label_YoshikawaTamotsuMember_2" />
    <link:label xlink:type="resource" xlink:label="label_KondouMasakazuMember" xml:lang="en" xlink:role="http://www.xbrl.org/2003/role/verboseLabel" id="label_KondouMasakazuMember">Kondou, Masakazu [member]</link:label>
    <link:labelArc xlink:type="arc" xlink:arcrole="http://www.xbrl.org/2003/arcrole/concept-label" xlink:from="KondouMasakazuMember" xlink:to="label_KondouMasakazuMember" />
    <link:label xlink:type="resource" xlink:label="label_KondouMasakazuMember_2" xml:lang="en" xlink:role="http://www.xbrl.org/2003/role/label" id="label_KondouMasakazuMember_2">Kondou, Masakazu</link:label>
    <link:labelArc xlink:type="arc" xlink:arcrole="http://www.xbrl.org/2003/arcrole/concept-label" xlink:from="KondouMasakazuMember" xlink:to="label_KondouMasakazuMember_2" />
    <link:label xlink:type="resource" xlink:label="label_FujikiHaruhikoMember" xml:lang="en" xlink:role="http://www.xbrl.org/2003/role/label" id="label_FujikiHaruhikoMember">Fujiki, Haruhiko</link:label>
    <link:labelArc xlink:type="arc" xlink:arcrole="http://www.xbrl.org/2003/arcrole/concept-label" xlink:from="FujikiHaruhikoMember" xlink:to="label_FujikiHaruhikoMember" />
    <link:label xlink:type="resource" xlink:label="label_FujikiHaruhikoMember_2" xml:lang="en" xlink:role="http://www.xbrl.org/2003/role/verboseLabel" id="label_FujikiHaruhikoMember_2">Fujiki, Haruhiko [member]</link:label>
    <link:labelArc xlink:type="arc" xlink:arcrole="http://www.xbrl.org/2003/arcrole/concept-label" xlink:from="FujikiHaruhikoMember" xlink:to="label_FujikiHaruhikoMember_2" />
  </link:labelLink>
</link:linkbase>