<?xml version="1.0" encoding="utf-8"?>
<!-- Generated by PRONEXUS WORKS -->
<link:linkbase xmlns:link="http://www.xbrl.org/2003/linkbase" xmlns:xsi="http://www.w3.org/2001/XMLSchema-instance" xmlns:xbrli="http://www.xbrl.org/2003/instance" xmlns:xlink="http://www.w3.org/1999/xlink">
  <link:roleRef xlink:type="simple" roleURI="http://disclosure.edinet-fsa.go.jp/jppfs/Consolidated/role/label" xlink:href="http://disclosure.edinet-fsa.go.jp/taxonomy/jppfs/2020-11-01/jppfs_rt_2020-11-01.xsd#rol_ConsolidatedLabel" />
  <link:roleRef xlink:type="simple" roleURI="http://disclosure.edinet-fsa.go.jp/jppfs/NonConsolidated/role/label" xlink:href="http://disclosure.edinet-fsa.go.jp/taxonomy/jppfs/2020-11-01/jppfs_rt_2020-11-01.xsd#rol_NonConsolidatedLabel" />
  <link:labelLink xlink:type="extended" xlink:role="http://www.xbrl.org/2003/role/link">
    <link:loc xlink:type="locator" xlink:href="jpcrp030000-asr-001_E02201-000_2021-03-31_01_2021-06-30.xsd#jpcrp030000-asr_E02201-000_JapanReportableSegmentsMember" xlink:label="JapanReportableSegmentsMember" />
    <link:loc xlink:type="locator" xlink:href="jpcrp030000-asr-001_E02201-000_2021-03-31_01_2021-06-30.xsd#jpcrp030000-asr_E02201-000_RestOfAsiaReportableSegmentsMember" xlink:label="RestOfAsiaReportableSegmentsMember" />
    <link:loc xlink:type="locator" xlink:href="jpcrp030000-asr-001_E02201-000_2021-03-31_01_2021-06-30.xsd#jpcrp030000-asr_E02201-000_NorthAmericaReportableSegmentsMember" xlink:label="NorthAmericaReportableSegmentsMember" />
    <link:loc xlink:type="locator" xlink:href="jpcrp030000-asr-001_E02201-000_2021-03-31_01_2021-06-30.xsd#jpcrp030000-asr_E02201-000_AmortizationOfGoodwillSegmentInfomation" xlink:label="AmortizationOfGoodwillSegmentInfomation" />
    <link:loc xlink:type="locator" xlink:href="jpcrp030000-asr-001_E02201-000_2021-03-31_01_2021-06-30.xsd#jpcrp030000-asr_E02201-000_ImpairmentLossSegmentInfomation" xlink:label="ImpairmentLossSegmentInfomation" />
    <link:loc xlink:type="locator" xlink:href="jpcrp030000-asr-001_E02201-000_2021-03-31_01_2021-06-30.xsd#jpcrp030000-asr_E02201-000_DirectorsCompensationsSalariesBonusesSGA" xlink:label="DirectorsCompensationsSalariesBonusesSGA" />
    <link:loc xlink:type="locator" xlink:href="jpcrp030000-asr-001_E02201-000_2021-03-31_01_2021-06-30.xsd#jpcrp030000-asr_E02201-000_NotesRegardingLossOnAbandonmentOfNonCurrentAssetsTextBlock" xlink:label="NotesRegardingLossOnAbandonmentOfNonCurrentAssetsTextBlock" />
    <link:loc xlink:type="locator" xlink:href="jpcrp030000-asr-001_E02201-000_2021-03-31_01_2021-06-30.xsd#jpcrp030000-asr_E02201-000_NotesRegardingLossOnValuationOfSharesOfSubsidiariesAndAssociatesTextBlock" xlink:label="NotesRegardingLossOnValuationOfSharesOfSubsidiariesAndAssociatesTextBlock" />
    <link:loc xlink:type="locator" xlink:href="jpcrp030000-asr-001_E02201-000_2021-03-31_01_2021-06-30.xsd#jpcrp030000-asr_E02201-000_NotesRegardingProvisionOfAllowanceForDoubtfulAccountsTextBlock" xlink:label="NotesRegardingProvisionOfAllowanceForDoubtfulAccountsTextBlock" />
    <link:loc xlink:type="locator" xlink:href="http://disclosure.edinet-fsa.go.jp/taxonomy/jppfs/2020-11-01/jppfs_cor_2020-11-01.xsd#jppfs_cor_Inventories" xlink:label="Inventories" />
    <link:loc xlink:type="locator" xlink:href="http://disclosure.edinet-fsa.go.jp/taxonomy/jpcrp/2020-11-01/jpcrp_cor_2020-11-01.xsd#jpcrp_cor_NotesRegardingInventoriesTextBlock" xlink:label="NotesRegardingInventoriesTextBlock" />
    <link:loc xlink:type="locator" xlink:href="http://disclosure.edinet-fsa.go.jp/taxonomy/jpcrp/2020-11-01/jpcrp_cor_2020-11-01.xsd#jpcrp_cor_NotesRegardingPresentationOfInventoriesAndProvisionForLossOnConstructionContractsTextBlock" xlink:label="NotesRegardingPresentationOfInventoriesAndProvisionForLossOnConstructionContractsTextBlock" />
    <link:loc xlink:type="locator" xlink:href="http://disclosure.edinet-fsa.go.jp/taxonomy/jpcrp/2020-11-01/jpcrp_cor_2020-11-01.xsd#jpcrp_cor_NotesRegardingWriteDownsOfInventoriesTextBlock" xlink:label="NotesRegardingWriteDownsOfInventoriesTextBlock" />
    <link:loc xlink:type="locator" xlink:href="http://disclosure.edinet-fsa.go.jp/taxonomy/jpcrp/2020-11-01/jpcrp_cor_2020-11-01.xsd#jpcrp_cor_WriteDownsOfInventories" xlink:label="WriteDownsOfInventories" />
    <link:loc xlink:type="locator" xlink:href="jpcrp030000-asr-001_E02201-000_2021-03-31_01_2021-06-30.xsd#jpcrp030000-asr_E02201-000_KishiTakaakiMember" xlink:label="KishiTakaakiMember" />
    <link:loc xlink:type="locator" xlink:href="jpcrp030000-asr-001_E02201-000_2021-03-31_01_2021-06-30.xsd#jpcrp030000-asr_E02201-000_YamadaKenjiMember" xlink:label="YamadaKenjiMember" />
    <link:loc xlink:type="locator" xlink:href="jpcrp030000-asr-001_E02201-000_2021-03-31_01_2021-06-30.xsd#jpcrp030000-asr_E02201-000_DingXuweiMember" xlink:label="DingXuweiMember" />
    <link:loc xlink:type="locator" xlink:href="jpcrp030000-asr-001_E02201-000_2021-03-31_01_2021-06-30.xsd#jpcrp030000-asr_E02201-000_OgataKaoruMember" xlink:label="OgataKaoruMember" />
    <link:loc xlink:type="locator" xlink:href="jpcrp030000-asr-001_E02201-000_2021-03-31_01_2021-06-30.xsd#jpcrp030000-asr_E02201-000_ChiyodaYukoMember" xlink:label="ChiyodaYukoMember" />
    <link:loc xlink:type="locator" xlink:href="jpcrp030000-asr-001_E02201-000_2021-03-31_01_2021-06-30.xsd#jpcrp030000-asr_E02201-000_WatanabeShozoMember" xlink:label="WatanabeShozoMember" />
    <link:loc xlink:type="locator" xlink:href="jpcrp030000-asr-001_E02201-000_2021-03-31_01_2021-06-30.xsd#jpcrp030000-asr_E02201-000_FukayaTatsuhiroMember" xlink:label="FukayaTatsuhiroMember" />
    <link:loc xlink:type="locator" xlink:href="jpcrp030000-asr-001_E02201-000_2021-03-31_01_2021-06-30.xsd#jpcrp030000-asr_E02201-000_OtsukaKeiichiMember" xlink:label="OtsukaKeiichiMember" />
    <link:loc xlink:type="locator" xlink:href="jpcrp030000-asr-001_E02201-000_2021-03-31_01_2021-06-30.xsd#jpcrp030000-asr_E02201-000_ToyamaAkiraMember" xlink:label="ToyamaAkiraMember" />
    <link:label xlink:type="resource" xlink:label="label_NotesRegardingInventoriesTextBlock" xml:lang="ja" xlink:role="http://disclosure.edinet-fsa.go.jp/jppfs/Consolidated/role/label" id="label_NotesRegardingInventoriesTextBlock">たな卸資産の内訳の注記</link:label>
    <link:labelArc xlink:type="arc" xlink:arcrole="http://www.xbrl.org/2003/arcrole/concept-label" xlink:from="NotesRegardingInventoriesTextBlock" xlink:to="label_NotesRegardingInventoriesTextBlock" />
    <link:label xlink:type="resource" xlink:label="label_NotesRegardingInventoriesTextBlock_2" xml:lang="ja" xlink:role="http://disclosure.edinet-fsa.go.jp/jppfs/NonConsolidated/role/label" id="label_NotesRegardingInventoriesTextBlock_2">たな卸資産の内訳の注記</link:label>
    <link:labelArc xlink:type="arc" xlink:arcrole="http://www.xbrl.org/2003/arcrole/concept-label" xlink:from="NotesRegardingInventoriesTextBlock" xlink:to="label_NotesRegardingInventoriesTextBlock_2" />
    <link:label xlink:type="resource" xlink:label="label_NotesRegardingPresentationOfInventoriesAndProvisionForLossOnConstructionContractsTextBlock" xml:lang="ja" xlink:role="http://disclosure.edinet-fsa.go.jp/jppfs/Consolidated/role/label" id="label_NotesRegardingPresentationOfInventoriesAndProvisionForLossOnConstructionContractsTextBlock">たな卸資産及び工事損失引当金の表示に関する注記</link:label>
    <link:labelArc xlink:type="arc" xlink:arcrole="http://www.xbrl.org/2003/arcrole/concept-label" xlink:from="NotesRegardingPresentationOfInventoriesAndProvisionForLossOnConstructionContractsTextBlock" xlink:to="label_NotesRegardingPresentationOfInventoriesAndProvisionForLossOnConstructionContractsTextBlock" />
    <link:label xlink:type="resource" xlink:label="label_NotesRegardingPresentationOfInventoriesAndProvisionForLossOnConstructionContractsTextBlock_2" xml:lang="ja" xlink:role="http://disclosure.edinet-fsa.go.jp/jppfs/NonConsolidated/role/label" id="label_NotesRegardingPresentationOfInventoriesAndProvisionForLossOnConstructionContractsTextBlock_2">たな卸資産及び工事損失引当金の表示に関する注記</link:label>
    <link:labelArc xlink:type="arc" xlink:arcrole="http://www.xbrl.org/2003/arcrole/concept-label" xlink:from="NotesRegardingPresentationOfInventoriesAndProvisionForLossOnConstructionContractsTextBlock" xlink:to="label_NotesRegardingPresentationOfInventoriesAndProvisionForLossOnConstructionContractsTextBlock_2" />
    <link:loc xlink:type="locator" xlink:href="http://disclosure.edinet-fsa.go.jp/taxonomy/jppfs/2020-11-01/jppfs_cor_2020-11-01.xsd#jppfs_cor_DecreaseIncreaseInInventoriesOpeCF" xlink:label="DecreaseIncreaseInInventoriesOpeCF" />
    <link:label xlink:type="resource" xlink:label="label_DecreaseIncreaseInInventoriesOpeCF" xml:lang="ja" xlink:role="http://disclosure.edinet-fsa.go.jp/jppfs/Consolidated/role/label" id="label_DecreaseIncreaseInInventoriesOpeCF">たな卸資産の増減額（△は増加）</link:label>
    <link:labelArc xlink:type="arc" xlink:arcrole="http://www.xbrl.org/2003/arcrole/concept-label" xlink:from="DecreaseIncreaseInInventoriesOpeCF" xlink:to="label_DecreaseIncreaseInInventoriesOpeCF" />
    <link:label xlink:type="resource" xlink:label="label_NotesRegardingWriteDownsOfInventoriesTextBlock" xml:lang="ja" xlink:role="http://disclosure.edinet-fsa.go.jp/jppfs/Consolidated/role/label" id="label_NotesRegardingWriteDownsOfInventoriesTextBlock">たな卸資産の帳簿価額の切下げに関する注記</link:label>
    <link:labelArc xlink:type="arc" xlink:arcrole="http://www.xbrl.org/2003/arcrole/concept-label" xlink:from="NotesRegardingWriteDownsOfInventoriesTextBlock" xlink:to="label_NotesRegardingWriteDownsOfInventoriesTextBlock" />
    <link:label xlink:type="resource" xlink:label="label_NotesRegardingWriteDownsOfInventoriesTextBlock_2" xml:lang="ja" xlink:role="http://disclosure.edinet-fsa.go.jp/jppfs/NonConsolidated/role/label" id="label_NotesRegardingWriteDownsOfInventoriesTextBlock_2">たな卸資産の帳簿価額の切下げに関する注記</link:label>
    <link:labelArc xlink:type="arc" xlink:arcrole="http://www.xbrl.org/2003/arcrole/concept-label" xlink:from="NotesRegardingWriteDownsOfInventoriesTextBlock" xlink:to="label_NotesRegardingWriteDownsOfInventoriesTextBlock_2" />
    <link:label xlink:type="resource" xlink:label="label_WriteDownsOfInventories" xml:lang="ja" xlink:role="http://disclosure.edinet-fsa.go.jp/jppfs/Consolidated/role/label" id="label_WriteDownsOfInventories">たな卸資産帳簿価額切下額</link:label>
    <link:labelArc xlink:type="arc" xlink:arcrole="http://www.xbrl.org/2003/arcrole/concept-label" xlink:from="WriteDownsOfInventories" xlink:to="label_WriteDownsOfInventories" />
    <link:label xlink:type="resource" xlink:label="label_WriteDownsOfInventories_2" xml:lang="ja" xlink:role="http://disclosure.edinet-fsa.go.jp/jppfs/NonConsolidated/role/label" id="label_WriteDownsOfInventories_2">たな卸資産帳簿価額切下額</link:label>
    <link:labelArc xlink:type="arc" xlink:arcrole="http://www.xbrl.org/2003/arcrole/concept-label" xlink:from="WriteDownsOfInventories" xlink:to="label_WriteDownsOfInventories_2" />
    <link:label xlink:type="resource" xlink:label="label_Inventories" xml:lang="ja" xlink:role="http://disclosure.edinet-fsa.go.jp/jppfs/NonConsolidated/role/label" id="label_Inventories">たな卸資産</link:label>
    <link:labelArc xlink:type="arc" xlink:arcrole="http://www.xbrl.org/2003/arcrole/concept-label" xlink:from="Inventories" xlink:to="label_Inventories" />
    <link:label xlink:type="resource" xlink:label="label_Inventories_2" xml:lang="ja" xlink:role="http://disclosure.edinet-fsa.go.jp/jppfs/Consolidated/role/label" id="label_Inventories_2">たな卸資産</link:label>
    <link:labelArc xlink:type="arc" xlink:arcrole="http://www.xbrl.org/2003/arcrole/concept-label" xlink:from="Inventories" xlink:to="label_Inventories_2" />
    <link:label xlink:type="resource" xlink:label="label_NotesRegardingProvisionOfAllowanceForDoubtfulAccountsTextBlock" xml:lang="ja" xlink:role="http://www.xbrl.org/2003/role/label" id="label_NotesRegardingProvisionOfAllowanceForDoubtfulAccountsTextBlock">貸倒引当金繰入額の注記</link:label>
    <link:labelArc xlink:type="arc" xlink:arcrole="http://www.xbrl.org/2003/arcrole/concept-label" xlink:from="NotesRegardingProvisionOfAllowanceForDoubtfulAccountsTextBlock" xlink:to="label_NotesRegardingProvisionOfAllowanceForDoubtfulAccountsTextBlock" />
    <link:label xlink:type="resource" xlink:label="label_NotesRegardingProvisionOfAllowanceForDoubtfulAccountsTextBlock_2" xml:lang="ja" xlink:role="http://www.xbrl.org/2003/role/verboseLabel" id="label_NotesRegardingProvisionOfAllowanceForDoubtfulAccountsTextBlock_2">貸倒引当金繰入額の注記 [テキストブロック]</link:label>
    <link:labelArc xlink:type="arc" xlink:arcrole="http://www.xbrl.org/2003/arcrole/concept-label" xlink:from="NotesRegardingProvisionOfAllowanceForDoubtfulAccountsTextBlock" xlink:to="label_NotesRegardingProvisionOfAllowanceForDoubtfulAccountsTextBlock_2" />
    <link:label xlink:type="resource" xlink:label="label_AmortizationOfGoodwillSegmentInfomation" xml:lang="ja" xlink:role="http://www.xbrl.org/2003/role/label" id="label_AmortizationOfGoodwillSegmentInfomation">のれん償却額</link:label>
    <link:labelArc xlink:type="arc" xlink:arcrole="http://www.xbrl.org/2003/arcrole/concept-label" xlink:from="AmortizationOfGoodwillSegmentInfomation" xlink:to="label_AmortizationOfGoodwillSegmentInfomation" />
    <link:label xlink:type="resource" xlink:label="label_AmortizationOfGoodwillSegmentInfomation_2" xml:lang="ja" xlink:role="http://www.xbrl.org/2003/role/verboseLabel" id="label_AmortizationOfGoodwillSegmentInfomation_2">のれん償却額、セグメント情報</link:label>
    <link:labelArc xlink:type="arc" xlink:arcrole="http://www.xbrl.org/2003/arcrole/concept-label" xlink:from="AmortizationOfGoodwillSegmentInfomation" xlink:to="label_AmortizationOfGoodwillSegmentInfomation_2" />
    <link:label xlink:type="resource" xlink:label="label_DirectorsCompensationsSalariesBonusesSGA" xml:lang="ja" xlink:role="http://www.xbrl.org/2003/role/label" id="label_DirectorsCompensationsSalariesBonusesSGA">役員報酬・従業員給料・賞与</link:label>
    <link:labelArc xlink:type="arc" xlink:arcrole="http://www.xbrl.org/2003/arcrole/concept-label" xlink:from="DirectorsCompensationsSalariesBonusesSGA" xlink:to="label_DirectorsCompensationsSalariesBonusesSGA" />
    <link:label xlink:type="resource" xlink:label="label_DirectorsCompensationsSalariesBonusesSGA_2" xml:lang="ja" xlink:role="http://www.xbrl.org/2003/role/verboseLabel" id="label_DirectorsCompensationsSalariesBonusesSGA_2">役員報酬・従業員給料・賞与、販売費及び一般管理費</link:label>
    <link:labelArc xlink:type="arc" xlink:arcrole="http://www.xbrl.org/2003/arcrole/concept-label" xlink:from="DirectorsCompensationsSalariesBonusesSGA" xlink:to="label_DirectorsCompensationsSalariesBonusesSGA_2" />
    <link:label xlink:type="resource" xlink:label="label_NotesRegardingLossOnAbandonmentOfNonCurrentAssetsTextBlock" xml:lang="ja" xlink:role="http://www.xbrl.org/2003/role/label" id="label_NotesRegardingLossOnAbandonmentOfNonCurrentAssetsTextBlock">固定資産廃棄損の注記</link:label>
    <link:labelArc xlink:type="arc" xlink:arcrole="http://www.xbrl.org/2003/arcrole/concept-label" xlink:from="NotesRegardingLossOnAbandonmentOfNonCurrentAssetsTextBlock" xlink:to="label_NotesRegardingLossOnAbandonmentOfNonCurrentAssetsTextBlock" />
    <link:label xlink:type="resource" xlink:label="label_NotesRegardingLossOnAbandonmentOfNonCurrentAssetsTextBlock_2" xml:lang="ja" xlink:role="http://www.xbrl.org/2003/role/verboseLabel" id="label_NotesRegardingLossOnAbandonmentOfNonCurrentAssetsTextBlock_2">固定資産廃棄損の注記 [テキストブロック]</link:label>
    <link:labelArc xlink:type="arc" xlink:arcrole="http://www.xbrl.org/2003/arcrole/concept-label" xlink:from="NotesRegardingLossOnAbandonmentOfNonCurrentAssetsTextBlock" xlink:to="label_NotesRegardingLossOnAbandonmentOfNonCurrentAssetsTextBlock_2" />
    <link:label xlink:type="resource" xlink:label="label_NotesRegardingLossOnValuationOfSharesOfSubsidiariesAndAssociatesTextBlock" xml:lang="ja" xlink:role="http://www.xbrl.org/2003/role/label" id="label_NotesRegardingLossOnValuationOfSharesOfSubsidiariesAndAssociatesTextBlock">関係会社株式評価損の注記</link:label>
    <link:labelArc xlink:type="arc" xlink:arcrole="http://www.xbrl.org/2003/arcrole/concept-label" xlink:from="NotesRegardingLossOnValuationOfSharesOfSubsidiariesAndAssociatesTextBlock" xlink:to="label_NotesRegardingLossOnValuationOfSharesOfSubsidiariesAndAssociatesTextBlock" />
    <link:label xlink:type="resource" xlink:label="label_NotesRegardingLossOnValuationOfSharesOfSubsidiariesAndAssociatesTextBlock_2" xml:lang="ja" xlink:role="http://www.xbrl.org/2003/role/verboseLabel" id="label_NotesRegardingLossOnValuationOfSharesOfSubsidiariesAndAssociatesTextBlock_2">関係会社株式評価損の注記 [テキストブロック]</link:label>
    <link:labelArc xlink:type="arc" xlink:arcrole="http://www.xbrl.org/2003/arcrole/concept-label" xlink:from="NotesRegardingLossOnValuationOfSharesOfSubsidiariesAndAssociatesTextBlock" xlink:to="label_NotesRegardingLossOnValuationOfSharesOfSubsidiariesAndAssociatesTextBlock_2" />
    <link:label xlink:type="resource" xlink:label="label_KishiTakaakiMember" xml:lang="ja" xlink:role="http://www.xbrl.org/2003/role/verboseLabel" id="label_KishiTakaakiMember">岸　高明 [メンバー]</link:label>
    <link:labelArc xlink:type="arc" xlink:arcrole="http://www.xbrl.org/2003/arcrole/concept-label" xlink:from="KishiTakaakiMember" xlink:to="label_KishiTakaakiMember" />
    <link:label xlink:type="resource" xlink:label="label_KishiTakaakiMember_2" xml:lang="ja" xlink:role="http://www.xbrl.org/2003/role/label" id="label_KishiTakaakiMember_2">岸　高明</link:label>
    <link:labelArc xlink:type="arc" xlink:arcrole="http://www.xbrl.org/2003/arcrole/concept-label" xlink:from="KishiTakaakiMember" xlink:to="label_KishiTakaakiMember_2" />
    <link:label xlink:type="resource" xlink:label="label_YamadaKenjiMember" xml:lang="ja" xlink:role="http://www.xbrl.org/2003/role/verboseLabel" id="label_YamadaKenjiMember">山田　健次 [メンバー]</link:label>
    <link:labelArc xlink:type="arc" xlink:arcrole="http://www.xbrl.org/2003/arcrole/concept-label" xlink:from="YamadaKenjiMember" xlink:to="label_YamadaKenjiMember" />
    <link:label xlink:type="resource" xlink:label="label_YamadaKenjiMember_2" xml:lang="ja" xlink:role="http://www.xbrl.org/2003/role/label" id="label_YamadaKenjiMember_2">山田　健次</link:label>
    <link:labelArc xlink:type="arc" xlink:arcrole="http://www.xbrl.org/2003/arcrole/concept-label" xlink:from="YamadaKenjiMember" xlink:to="label_YamadaKenjiMember_2" />
    <link:label xlink:type="resource" xlink:label="label_DingXuweiMember" xml:lang="ja" xlink:role="http://www.xbrl.org/2003/role/label" id="label_DingXuweiMember">丁　旭威</link:label>
    <link:labelArc xlink:type="arc" xlink:arcrole="http://www.xbrl.org/2003/arcrole/concept-label" xlink:from="DingXuweiMember" xlink:to="label_DingXuweiMember" />
    <link:label xlink:type="resource" xlink:label="label_DingXuweiMember_2" xml:lang="ja" xlink:role="http://www.xbrl.org/2003/role/verboseLabel" id="label_DingXuweiMember_2">丁　旭威 [メンバー]</link:label>
    <link:labelArc xlink:type="arc" xlink:arcrole="http://www.xbrl.org/2003/arcrole/concept-label" xlink:from="DingXuweiMember" xlink:to="label_DingXuweiMember_2" />
    <link:label xlink:type="resource" xlink:label="label_OgataKaoruMember" xml:lang="ja" xlink:role="http://www.xbrl.org/2003/role/label" id="label_OgataKaoruMember">尾方　馨</link:label>
    <link:labelArc xlink:type="arc" xlink:arcrole="http://www.xbrl.org/2003/arcrole/concept-label" xlink:from="OgataKaoruMember" xlink:to="label_OgataKaoruMember" />
    <link:label xlink:type="resource" xlink:label="label_OgataKaoruMember_2" xml:lang="ja" xlink:role="http://www.xbrl.org/2003/role/verboseLabel" id="label_OgataKaoruMember_2">尾方　馨 [メンバー]</link:label>
    <link:labelArc xlink:type="arc" xlink:arcrole="http://www.xbrl.org/2003/arcrole/concept-label" xlink:from="OgataKaoruMember" xlink:to="label_OgataKaoruMember_2" />
    <link:label xlink:type="resource" xlink:label="label_ChiyodaYukoMember" xml:lang="ja" xlink:role="http://www.xbrl.org/2003/role/label" id="label_ChiyodaYukoMember">千代田　有子</link:label>
    <link:labelArc xlink:type="arc" xlink:arcrole="http://www.xbrl.org/2003/arcrole/concept-label" xlink:from="ChiyodaYukoMember" xlink:to="label_ChiyodaYukoMember" />
    <link:label xlink:type="resource" xlink:label="label_ChiyodaYukoMember_2" xml:lang="ja" xlink:role="http://www.xbrl.org/2003/role/verboseLabel" id="label_ChiyodaYukoMember_2">千代田　有子 [メンバー]</link:label>
    <link:labelArc xlink:type="arc" xlink:arcrole="http://www.xbrl.org/2003/arcrole/concept-label" xlink:from="ChiyodaYukoMember" xlink:to="label_ChiyodaYukoMember_2" />
    <link:label xlink:type="resource" xlink:label="label_WatanabeShozoMember" xml:lang="ja" xlink:role="http://www.xbrl.org/2003/role/label" id="label_WatanabeShozoMember">渡邊　正三</link:label>
    <link:labelArc xlink:type="arc" xlink:arcrole="http://www.xbrl.org/2003/arcrole/concept-label" xlink:from="WatanabeShozoMember" xlink:to="label_WatanabeShozoMember" />
    <link:label xlink:type="resource" xlink:label="label_WatanabeShozoMember_2" xml:lang="ja" xlink:role="http://www.xbrl.org/2003/role/verboseLabel" id="label_WatanabeShozoMember_2">渡邊　正三 [メンバー]</link:label>
    <link:labelArc xlink:type="arc" xlink:arcrole="http://www.xbrl.org/2003/arcrole/concept-label" xlink:from="WatanabeShozoMember" xlink:to="label_WatanabeShozoMember_2" />
    <link:label xlink:type="resource" xlink:label="label_FukayaTatsuhiroMember" xml:lang="ja" xlink:role="http://www.xbrl.org/2003/role/label" id="label_FukayaTatsuhiroMember">深谷　達大</link:label>
    <link:labelArc xlink:type="arc" xlink:arcrole="http://www.xbrl.org/2003/arcrole/concept-label" xlink:from="FukayaTatsuhiroMember" xlink:to="label_FukayaTatsuhiroMember" />
    <link:label xlink:type="resource" xlink:label="label_FukayaTatsuhiroMember_2" xml:lang="ja" xlink:role="http://www.xbrl.org/2003/role/verboseLabel" id="label_FukayaTatsuhiroMember_2">深谷　達大 [メンバー]</link:label>
    <link:labelArc xlink:type="arc" xlink:arcrole="http://www.xbrl.org/2003/arcrole/concept-label" xlink:from="FukayaTatsuhiroMember" xlink:to="label_FukayaTatsuhiroMember_2" />
    <link:label xlink:type="resource" xlink:label="label_OtsukaKeiichiMember" xml:lang="ja" xlink:role="http://www.xbrl.org/2003/role/verboseLabel" id="label_OtsukaKeiichiMember">大塚　啓一 [メンバー]</link:label>
    <link:labelArc xlink:type="arc" xlink:arcrole="http://www.xbrl.org/2003/arcrole/concept-label" xlink:from="OtsukaKeiichiMember" xlink:to="label_OtsukaKeiichiMember" />
    <link:label xlink:type="resource" xlink:label="label_OtsukaKeiichiMember_2" xml:lang="ja" xlink:role="http://www.xbrl.org/2003/role/label" id="label_OtsukaKeiichiMember_2">大塚　啓一</link:label>
    <link:labelArc xlink:type="arc" xlink:arcrole="http://www.xbrl.org/2003/arcrole/concept-label" xlink:from="OtsukaKeiichiMember" xlink:to="label_OtsukaKeiichiMember_2" />
    <link:label xlink:type="resource" xlink:label="label_ToyamaAkiraMember" xml:lang="ja" xlink:role="http://www.xbrl.org/2003/role/verboseLabel" id="label_ToyamaAkiraMember">遠山　彰 [メンバー]</link:label>
    <link:labelArc xlink:type="arc" xlink:arcrole="http://www.xbrl.org/2003/arcrole/concept-label" xlink:from="ToyamaAkiraMember" xlink:to="label_ToyamaAkiraMember" />
    <link:label xlink:type="resource" xlink:label="label_ToyamaAkiraMember_2" xml:lang="ja" xlink:role="http://www.xbrl.org/2003/role/label" id="label_ToyamaAkiraMember_2">遠山　彰</link:label>
    <link:labelArc xlink:type="arc" xlink:arcrole="http://www.xbrl.org/2003/arcrole/concept-label" xlink:from="ToyamaAkiraMember" xlink:to="label_ToyamaAkiraMember_2" />
    <link:label xlink:type="resource" xlink:label="label_ImpairmentLossSegmentInfomation" xml:lang="ja" xlink:role="http://www.xbrl.org/2003/role/label" id="label_ImpairmentLossSegmentInfomation">減損損失</link:label>
    <link:labelArc xlink:type="arc" xlink:arcrole="http://www.xbrl.org/2003/arcrole/concept-label" xlink:from="ImpairmentLossSegmentInfomation" xlink:to="label_ImpairmentLossSegmentInfomation" />
    <link:label xlink:type="resource" xlink:label="label_ImpairmentLossSegmentInfomation_2" xml:lang="ja" xlink:role="http://www.xbrl.org/2003/role/verboseLabel" id="label_ImpairmentLossSegmentInfomation_2">減損損失、セグメント情報</link:label>
    <link:labelArc xlink:type="arc" xlink:arcrole="http://www.xbrl.org/2003/arcrole/concept-label" xlink:from="ImpairmentLossSegmentInfomation" xlink:to="label_ImpairmentLossSegmentInfomation_2" />
    <link:label xlink:type="resource" xlink:label="label_JapanReportableSegmentsMember" xml:lang="ja" xlink:role="http://www.xbrl.org/2003/role/label" id="label_JapanReportableSegmentsMember">日本</link:label>
    <link:labelArc xlink:type="arc" xlink:arcrole="http://www.xbrl.org/2003/arcrole/concept-label" xlink:from="JapanReportableSegmentsMember" xlink:to="label_JapanReportableSegmentsMember" />
    <link:label xlink:type="resource" xlink:label="label_JapanReportableSegmentsMember_2" xml:lang="ja" xlink:role="http://www.xbrl.org/2003/role/verboseLabel" id="label_JapanReportableSegmentsMember_2">日本、報告セグメント [メンバー]</link:label>
    <link:labelArc xlink:type="arc" xlink:arcrole="http://www.xbrl.org/2003/arcrole/concept-label" xlink:from="JapanReportableSegmentsMember" xlink:to="label_JapanReportableSegmentsMember_2" />
    <link:label xlink:type="resource" xlink:label="label_RestOfAsiaReportableSegmentsMember" xml:lang="ja" xlink:role="http://www.xbrl.org/2003/role/label" id="label_RestOfAsiaReportableSegmentsMember">アジア</link:label>
    <link:labelArc xlink:type="arc" xlink:arcrole="http://www.xbrl.org/2003/arcrole/concept-label" xlink:from="RestOfAsiaReportableSegmentsMember" xlink:to="label_RestOfAsiaReportableSegmentsMember" />
    <link:label xlink:type="resource" xlink:label="label_RestOfAsiaReportableSegmentsMember_2" xml:lang="ja" xlink:role="http://www.xbrl.org/2003/role/verboseLabel" id="label_RestOfAsiaReportableSegmentsMember_2">アジア、報告セグメント [メンバー]</link:label>
    <link:labelArc xlink:type="arc" xlink:arcrole="http://www.xbrl.org/2003/arcrole/concept-label" xlink:from="RestOfAsiaReportableSegmentsMember" xlink:to="label_RestOfAsiaReportableSegmentsMember_2" />
    <link:label xlink:type="resource" xlink:label="label_NorthAmericaReportableSegmentsMember" xml:lang="ja" xlink:role="http://www.xbrl.org/2003/role/label" id="label_NorthAmericaReportableSegmentsMember">北米</link:label>
    <link:labelArc xlink:type="arc" xlink:arcrole="http://www.xbrl.org/2003/arcrole/concept-label" xlink:from="NorthAmericaReportableSegmentsMember" xlink:to="label_NorthAmericaReportableSegmentsMember" />
    <link:label xlink:type="resource" xlink:label="label_NorthAmericaReportableSegmentsMember_2" xml:lang="ja" xlink:role="http://www.xbrl.org/2003/role/verboseLabel" id="label_NorthAmericaReportableSegmentsMember_2">北米、報告セグメント [メンバー]</link:label>
    <link:labelArc xlink:type="arc" xlink:arcrole="http://www.xbrl.org/2003/arcrole/concept-label" xlink:from="NorthAmericaReportableSegmentsMember" xlink:to="label_NorthAmericaReportableSegmentsMember_2" />
  </link:labelLink>
</link:linkbase>