<?xml version="1.0" encoding="utf-8"?>
<!-- Generated by PRONEXUS WORKS -->
<link:linkbase xmlns:link="http://www.xbrl.org/2003/linkbase" xmlns:xsi="http://www.w3.org/2001/XMLSchema-instance" xmlns:xbrli="http://www.xbrl.org/2003/instance" xmlns:xlink="http://www.w3.org/1999/xlink">
  <link:roleRef xlink:type="simple" roleURI="http://disclosure.edinet-fsa.go.jp/jppfs/NonConsolidated/role/label" xlink:href="http://disclosure.edinet-fsa.go.jp/taxonomy/jppfs/2020-11-01/jppfs_rt_2020-11-01.xsd#rol_NonConsolidatedLabel" />
  <link:roleRef xlink:type="simple" roleURI="http://disclosure.edinet-fsa.go.jp/jppfs/Consolidated/role/label" xlink:href="http://disclosure.edinet-fsa.go.jp/taxonomy/jppfs/2020-11-01/jppfs_rt_2020-11-01.xsd#rol_ConsolidatedLabel" />
  <link:labelLink xlink:type="extended" xlink:role="http://www.xbrl.org/2003/role/link">
    <link:loc xlink:type="locator" xlink:href="jpcrp030000-asr-001_E04206-000_2021-03-31_01_2021-06-30.xsd#jpcrp030000-asr_E04206-000_IncreaseDecreaseNetDefinedBenefitAssetLiabilityOpeCF" xlink:label="IncreaseDecreaseNetDefinedBenefitAssetLiabilityOpeCF" />
    <link:loc xlink:type="locator" xlink:href="jpcrp030000-asr-001_E04206-000_2021-03-31_01_2021-06-30.xsd#jpcrp030000-asr_E04206-000_TrackingBusinessIncomeOR" xlink:label="TrackingBusinessIncomeOR" />
    <link:loc xlink:type="locator" xlink:href="jpcrp030000-asr-001_E04206-000_2021-03-31_01_2021-06-30.xsd#jpcrp030000-asr_E04206-000_CenterBusinessIncomeOR" xlink:label="CenterBusinessIncomeOR" />
    <link:loc xlink:type="locator" xlink:href="jpcrp030000-asr-001_E04206-000_2021-03-31_01_2021-06-30.xsd#jpcrp030000-asr_E04206-000_AssetsBusinessIncomeOR" xlink:label="AssetsBusinessIncomeOR" />
    <link:loc xlink:type="locator" xlink:href="jpcrp030000-asr-001_E04206-000_2021-03-31_01_2021-06-30.xsd#jpcrp030000-asr_E04206-000_OtherOperatingIncomeOR" xlink:label="OtherOperatingIncomeOR" />
    <link:loc xlink:type="locator" xlink:href="jpcrp030000-asr-001_E04206-000_2021-03-31_01_2021-06-30.xsd#jpcrp030000-asr_E04206-000_RefundOfNonCurrentAssetsTaxesNOI" xlink:label="RefundOfNonCurrentAssetsTaxesNOI" />
    <link:loc xlink:type="locator" xlink:href="jpcrp030000-asr-001_E04206-000_2021-03-31_01_2021-06-30.xsd#jpcrp030000-asr_E04206-000_GainOnSaleOfBusinessesNOI" xlink:label="GainOnSaleOfBusinessesNOI" />
    <link:loc xlink:type="locator" xlink:href="jpcrp030000-asr-001_E04206-000_2021-03-31_01_2021-06-30.xsd#jpcrp030000-asr_E04206-000_BreakdownOfProvisionForBonusesSGA" xlink:label="BreakdownOfProvisionForBonusesSGA" />
    <link:loc xlink:type="locator" xlink:href="jpcrp030000-asr-001_E04206-000_2021-03-31_01_2021-06-30.xsd#jpcrp030000-asr_E04206-000_BreakdownOfProvisionForDirectorsRetirementBenefitsSGA" xlink:label="BreakdownOfProvisionForDirectorsRetirementBenefitsSGA" />
    <link:loc xlink:type="locator" xlink:href="jpcrp030000-asr-001_E04206-000_2021-03-31_01_2021-06-30.xsd#jpcrp030000-asr_E04206-000_BreakdownOfRetirementBenefitExpensesSGA" xlink:label="BreakdownOfRetirementBenefitExpensesSGA" />
    <link:loc xlink:type="locator" xlink:href="jpcrp030000-asr-001_E04206-000_2021-03-31_01_2021-06-30.xsd#jpcrp030000-asr_E04206-000_NakanisiHirotakeMember" xlink:label="NakanisiHirotakeMember" />
    <link:loc xlink:type="locator" xlink:href="jpcrp030000-asr-001_E04206-000_2021-03-31_01_2021-06-30.xsd#jpcrp030000-asr_E04206-000_OguraAkioMember" xlink:label="OguraAkioMember" />
    <link:loc xlink:type="locator" xlink:href="jpcrp030000-asr-001_E04206-000_2021-03-31_01_2021-06-30.xsd#jpcrp030000-asr_E04206-000_MiyamuraRyujiMember" xlink:label="MiyamuraRyujiMember" />
    <link:loc xlink:type="locator" xlink:href="jpcrp030000-asr-001_E04206-000_2021-03-31_01_2021-06-30.xsd#jpcrp030000-asr_E04206-000_IinoTsuyoshiMember" xlink:label="IinoTsuyoshiMember" />
    <link:loc xlink:type="locator" xlink:href="jpcrp030000-asr-001_E04206-000_2021-03-31_01_2021-06-30.xsd#jpcrp030000-asr_E04206-000_IijimaTakashiMember" xlink:label="IijimaTakashiMember" />
    <link:loc xlink:type="locator" xlink:href="jpcrp030000-asr-001_E04206-000_2021-03-31_01_2021-06-30.xsd#jpcrp030000-asr_E04206-000_IshiiShinyaMember" xlink:label="IshiiShinyaMember" />
    <link:loc xlink:type="locator" xlink:href="jpcrp030000-asr-001_E04206-000_2021-03-31_01_2021-06-30.xsd#jpcrp030000-asr_E04206-000_SasakiToshimasaMember" xlink:label="SasakiToshimasaMember" />
    <link:loc xlink:type="locator" xlink:href="jpcrp030000-asr-001_E04206-000_2021-03-31_01_2021-06-30.xsd#jpcrp030000-asr_E04206-000_NakanishiShinjiroMember" xlink:label="NakanishiShinjiroMember" />
    <link:loc xlink:type="locator" xlink:href="jpcrp030000-asr-001_E04206-000_2021-03-31_01_2021-06-30.xsd#jpcrp030000-asr_E04206-000_MatuuraKoujiMember" xlink:label="MatuuraKoujiMember" />
    <link:loc xlink:type="locator" xlink:href="jpcrp030000-asr-001_E04206-000_2021-03-31_01_2021-06-30.xsd#jpcrp030000-asr_E04206-000_YodaToshikazuMember" xlink:label="YodaToshikazuMember" />
    <link:loc xlink:type="locator" xlink:href="jpcrp030000-asr-001_E04206-000_2021-03-31_01_2021-06-30.xsd#jpcrp030000-asr_E04206-000_SaikiShuuichiMember" xlink:label="SaikiShuuichiMember" />
    <link:loc xlink:type="locator" xlink:href="jpcrp030000-asr-001_E04206-000_2021-03-31_01_2021-06-30.xsd#jpcrp030000-asr_E04206-000_TrackingBusinessReportableSegmentsMember" xlink:label="TrackingBusinessReportableSegmentsMember" />
    <link:loc xlink:type="locator" xlink:href="jpcrp030000-asr-001_E04206-000_2021-03-31_01_2021-06-30.xsd#jpcrp030000-asr_E04206-000_CenterBusinessReportableSegmentsMember" xlink:label="CenterBusinessReportableSegmentsMember" />
    <link:loc xlink:type="locator" xlink:href="jpcrp030000-asr-001_E04206-000_2021-03-31_01_2021-06-30.xsd#jpcrp030000-asr_E04206-000_AssetsBusinessReportableSegmentsMember" xlink:label="AssetsBusinessReportableSegmentsMember" />
    <link:loc xlink:type="locator" xlink:href="http://disclosure.edinet-fsa.go.jp/taxonomy/jppfs/2020-11-01/jppfs_cor_2020-11-01.xsd#jppfs_cor_Inventories" xlink:label="Inventories" />
    <link:loc xlink:type="locator" xlink:href="http://disclosure.edinet-fsa.go.jp/taxonomy/jpcrp/2020-11-01/jpcrp_cor_2020-11-01.xsd#jpcrp_cor_NotesRegardingInventoriesTextBlock" xlink:label="NotesRegardingInventoriesTextBlock" />
    <link:loc xlink:type="locator" xlink:href="http://disclosure.edinet-fsa.go.jp/taxonomy/jpcrp/2020-11-01/jpcrp_cor_2020-11-01.xsd#jpcrp_cor_NotesRegardingPresentationOfInventoriesAndProvisionForLossOnConstructionContractsTextBlock" xlink:label="NotesRegardingPresentationOfInventoriesAndProvisionForLossOnConstructionContractsTextBlock" />
    <link:loc xlink:type="locator" xlink:href="http://disclosure.edinet-fsa.go.jp/taxonomy/jpcrp/2020-11-01/jpcrp_cor_2020-11-01.xsd#jpcrp_cor_NotesRegardingWriteDownsOfInventoriesTextBlock" xlink:label="NotesRegardingWriteDownsOfInventoriesTextBlock" />
    <link:loc xlink:type="locator" xlink:href="http://disclosure.edinet-fsa.go.jp/taxonomy/jpcrp/2020-11-01/jpcrp_cor_2020-11-01.xsd#jpcrp_cor_WriteDownsOfInventories" xlink:label="WriteDownsOfInventories" />
    <link:loc xlink:type="locator" xlink:href="jpcrp030000-asr-001_E04206-000_2021-03-31_01_2021-06-30.xsd#jpcrp030000-asr_E04206-000_CompensationIncomeForDamageEI" xlink:label="CompensationIncomeForDamageEI" />
    <link:label xlink:type="resource" xlink:label="label_NotesRegardingInventoriesTextBlock" xml:lang="ja" xlink:role="http://disclosure.edinet-fsa.go.jp/jppfs/Consolidated/role/label" id="label_NotesRegardingInventoriesTextBlock">たな卸資産の内訳の注記</link:label>
    <link:labelArc xlink:type="arc" xlink:arcrole="http://www.xbrl.org/2003/arcrole/concept-label" xlink:from="NotesRegardingInventoriesTextBlock" xlink:to="label_NotesRegardingInventoriesTextBlock" />
    <link:label xlink:type="resource" xlink:label="label_NotesRegardingInventoriesTextBlock_2" xml:lang="ja" xlink:role="http://disclosure.edinet-fsa.go.jp/jppfs/NonConsolidated/role/label" id="label_NotesRegardingInventoriesTextBlock_2">たな卸資産の内訳の注記</link:label>
    <link:labelArc xlink:type="arc" xlink:arcrole="http://www.xbrl.org/2003/arcrole/concept-label" xlink:from="NotesRegardingInventoriesTextBlock" xlink:to="label_NotesRegardingInventoriesTextBlock_2" />
    <link:label xlink:type="resource" xlink:label="label_NotesRegardingPresentationOfInventoriesAndProvisionForLossOnConstructionContractsTextBlock" xml:lang="ja" xlink:role="http://disclosure.edinet-fsa.go.jp/jppfs/Consolidated/role/label" id="label_NotesRegardingPresentationOfInventoriesAndProvisionForLossOnConstructionContractsTextBlock">たな卸資産及び工事損失引当金の表示に関する注記</link:label>
    <link:labelArc xlink:type="arc" xlink:arcrole="http://www.xbrl.org/2003/arcrole/concept-label" xlink:from="NotesRegardingPresentationOfInventoriesAndProvisionForLossOnConstructionContractsTextBlock" xlink:to="label_NotesRegardingPresentationOfInventoriesAndProvisionForLossOnConstructionContractsTextBlock" />
    <link:label xlink:type="resource" xlink:label="label_NotesRegardingPresentationOfInventoriesAndProvisionForLossOnConstructionContractsTextBlock_2" xml:lang="ja" xlink:role="http://disclosure.edinet-fsa.go.jp/jppfs/NonConsolidated/role/label" id="label_NotesRegardingPresentationOfInventoriesAndProvisionForLossOnConstructionContractsTextBlock_2">たな卸資産及び工事損失引当金の表示に関する注記</link:label>
    <link:labelArc xlink:type="arc" xlink:arcrole="http://www.xbrl.org/2003/arcrole/concept-label" xlink:from="NotesRegardingPresentationOfInventoriesAndProvisionForLossOnConstructionContractsTextBlock" xlink:to="label_NotesRegardingPresentationOfInventoriesAndProvisionForLossOnConstructionContractsTextBlock_2" />
    <link:loc xlink:type="locator" xlink:href="http://disclosure.edinet-fsa.go.jp/taxonomy/jppfs/2020-11-01/jppfs_cor_2020-11-01.xsd#jppfs_cor_DecreaseIncreaseInInventoriesOpeCF" xlink:label="DecreaseIncreaseInInventoriesOpeCF" />
    <link:label xlink:type="resource" xlink:label="label_DecreaseIncreaseInInventoriesOpeCF" xml:lang="ja" xlink:role="http://disclosure.edinet-fsa.go.jp/jppfs/Consolidated/role/label" id="label_DecreaseIncreaseInInventoriesOpeCF">たな卸資産の増減額（△は増加）</link:label>
    <link:labelArc xlink:type="arc" xlink:arcrole="http://www.xbrl.org/2003/arcrole/concept-label" xlink:from="DecreaseIncreaseInInventoriesOpeCF" xlink:to="label_DecreaseIncreaseInInventoriesOpeCF" />
    <link:label xlink:type="resource" xlink:label="label_NotesRegardingWriteDownsOfInventoriesTextBlock" xml:lang="ja" xlink:role="http://disclosure.edinet-fsa.go.jp/jppfs/Consolidated/role/label" id="label_NotesRegardingWriteDownsOfInventoriesTextBlock">たな卸資産の帳簿価額の切下げに関する注記</link:label>
    <link:labelArc xlink:type="arc" xlink:arcrole="http://www.xbrl.org/2003/arcrole/concept-label" xlink:from="NotesRegardingWriteDownsOfInventoriesTextBlock" xlink:to="label_NotesRegardingWriteDownsOfInventoriesTextBlock" />
    <link:label xlink:type="resource" xlink:label="label_NotesRegardingWriteDownsOfInventoriesTextBlock_2" xml:lang="ja" xlink:role="http://disclosure.edinet-fsa.go.jp/jppfs/NonConsolidated/role/label" id="label_NotesRegardingWriteDownsOfInventoriesTextBlock_2">たな卸資産の帳簿価額の切下げに関する注記</link:label>
    <link:labelArc xlink:type="arc" xlink:arcrole="http://www.xbrl.org/2003/arcrole/concept-label" xlink:from="NotesRegardingWriteDownsOfInventoriesTextBlock" xlink:to="label_NotesRegardingWriteDownsOfInventoriesTextBlock_2" />
    <link:label xlink:type="resource" xlink:label="label_WriteDownsOfInventories" xml:lang="ja" xlink:role="http://disclosure.edinet-fsa.go.jp/jppfs/Consolidated/role/label" id="label_WriteDownsOfInventories">たな卸資産帳簿価額切下額</link:label>
    <link:labelArc xlink:type="arc" xlink:arcrole="http://www.xbrl.org/2003/arcrole/concept-label" xlink:from="WriteDownsOfInventories" xlink:to="label_WriteDownsOfInventories" />
    <link:label xlink:type="resource" xlink:label="label_WriteDownsOfInventories_2" xml:lang="ja" xlink:role="http://disclosure.edinet-fsa.go.jp/jppfs/NonConsolidated/role/label" id="label_WriteDownsOfInventories_2">たな卸資産帳簿価額切下額</link:label>
    <link:labelArc xlink:type="arc" xlink:arcrole="http://www.xbrl.org/2003/arcrole/concept-label" xlink:from="WriteDownsOfInventories" xlink:to="label_WriteDownsOfInventories_2" />
    <link:loc xlink:type="locator" xlink:href="jpcrp030000-asr-001_E04206-000_2021-03-31_01_2021-06-30.xsd#jpcrp030000-asr_E04206-000_YokoyamaToshiakiMember" xlink:label="YokoyamaToshiakiMember" />
    <link:loc xlink:type="locator" xlink:href="jpcrp030000-asr-001_E04206-000_2021-03-31_01_2021-06-30.xsd#jpcrp030000-asr_E04206-000_SuzukiYasuhisaMember" xlink:label="SuzukiYasuhisaMember" />
    <link:label xlink:type="resource" xlink:label="label_Inventories" xml:lang="ja" xlink:role="http://disclosure.edinet-fsa.go.jp/jppfs/Consolidated/role/label" id="label_Inventories">たな卸資産</link:label>
    <link:labelArc xlink:type="arc" xlink:arcrole="http://www.xbrl.org/2003/arcrole/concept-label" xlink:from="Inventories" xlink:to="label_Inventories" />
    <link:label xlink:type="resource" xlink:label="label_Inventories_2" xml:lang="ja" xlink:role="http://disclosure.edinet-fsa.go.jp/jppfs/NonConsolidated/role/label" id="label_Inventories_2">たな卸資産</link:label>
    <link:labelArc xlink:type="arc" xlink:arcrole="http://www.xbrl.org/2003/arcrole/concept-label" xlink:from="Inventories" xlink:to="label_Inventories_2" />
    <link:label xlink:type="resource" xlink:label="label_IncreaseDecreaseNetDefinedBenefitAssetLiabilityOpeCF" xml:lang="ja" xlink:role="http://www.xbrl.org/2003/role/label" id="label_IncreaseDecreaseNetDefinedBenefitAssetLiabilityOpeCF">退職給付に係る資産負債の増減額(△は減少）</link:label>
    <link:labelArc xlink:type="arc" xlink:arcrole="http://www.xbrl.org/2003/arcrole/concept-label" xlink:from="IncreaseDecreaseNetDefinedBenefitAssetLiabilityOpeCF" xlink:to="label_IncreaseDecreaseNetDefinedBenefitAssetLiabilityOpeCF" />
    <link:label xlink:type="resource" xlink:label="label_IncreaseDecreaseNetDefinedBenefitAssetLiabilityOpeCF_2" xml:lang="ja" xlink:role="http://www.xbrl.org/2003/role/verboseLabel" id="label_IncreaseDecreaseNetDefinedBenefitAssetLiabilityOpeCF_2">退職給付に係る資産負債の増減額(△は減少）、営業活動によるキャッシュ・フロー</link:label>
    <link:labelArc xlink:type="arc" xlink:arcrole="http://www.xbrl.org/2003/arcrole/concept-label" xlink:from="IncreaseDecreaseNetDefinedBenefitAssetLiabilityOpeCF" xlink:to="label_IncreaseDecreaseNetDefinedBenefitAssetLiabilityOpeCF_2" />
    <link:label xlink:type="resource" xlink:label="label_AssetsBusinessReportableSegmentsMember" xml:lang="ja" xlink:role="http://www.xbrl.org/2003/role/label" id="label_AssetsBusinessReportableSegmentsMember">アセット事業</link:label>
    <link:labelArc xlink:type="arc" xlink:arcrole="http://www.xbrl.org/2003/arcrole/concept-label" xlink:from="AssetsBusinessReportableSegmentsMember" xlink:to="label_AssetsBusinessReportableSegmentsMember" />
    <link:label xlink:type="resource" xlink:label="label_AssetsBusinessReportableSegmentsMember_2" xml:lang="ja" xlink:role="http://www.xbrl.org/2003/role/verboseLabel" id="label_AssetsBusinessReportableSegmentsMember_2">アセット事業、報告セグメント [メンバー]</link:label>
    <link:labelArc xlink:type="arc" xlink:arcrole="http://www.xbrl.org/2003/arcrole/concept-label" xlink:from="AssetsBusinessReportableSegmentsMember" xlink:to="label_AssetsBusinessReportableSegmentsMember_2" />
    <link:label xlink:type="resource" xlink:label="label_TrackingBusinessReportableSegmentsMember" xml:lang="ja" xlink:role="http://www.xbrl.org/2003/role/label" id="label_TrackingBusinessReportableSegmentsMember">貨物自動車運送事業</link:label>
    <link:labelArc xlink:type="arc" xlink:arcrole="http://www.xbrl.org/2003/arcrole/concept-label" xlink:from="TrackingBusinessReportableSegmentsMember" xlink:to="label_TrackingBusinessReportableSegmentsMember" />
    <link:label xlink:type="resource" xlink:label="label_TrackingBusinessReportableSegmentsMember_2" xml:lang="ja" xlink:role="http://www.xbrl.org/2003/role/verboseLabel" id="label_TrackingBusinessReportableSegmentsMember_2">貨物自動車運送事業、報告セグメント [メンバー]</link:label>
    <link:labelArc xlink:type="arc" xlink:arcrole="http://www.xbrl.org/2003/arcrole/concept-label" xlink:from="TrackingBusinessReportableSegmentsMember" xlink:to="label_TrackingBusinessReportableSegmentsMember_2" />
    <link:label xlink:type="resource" xlink:label="label_CenterBusinessReportableSegmentsMember" xml:lang="ja" xlink:role="http://www.xbrl.org/2003/role/label" id="label_CenterBusinessReportableSegmentsMember">センター事業</link:label>
    <link:labelArc xlink:type="arc" xlink:arcrole="http://www.xbrl.org/2003/arcrole/concept-label" xlink:from="CenterBusinessReportableSegmentsMember" xlink:to="label_CenterBusinessReportableSegmentsMember" />
    <link:label xlink:type="resource" xlink:label="label_CenterBusinessReportableSegmentsMember_2" xml:lang="ja" xlink:role="http://www.xbrl.org/2003/role/verboseLabel" id="label_CenterBusinessReportableSegmentsMember_2">センター事業、報告セグメント [メンバー]</link:label>
    <link:labelArc xlink:type="arc" xlink:arcrole="http://www.xbrl.org/2003/arcrole/concept-label" xlink:from="CenterBusinessReportableSegmentsMember" xlink:to="label_CenterBusinessReportableSegmentsMember_2" />
    <link:label xlink:type="resource" xlink:label="label_TrackingBusinessIncomeOR" xml:lang="ja" xlink:role="http://www.xbrl.org/2003/role/label" id="label_TrackingBusinessIncomeOR">貨物自動車運送事業収入</link:label>
    <link:labelArc xlink:type="arc" xlink:arcrole="http://www.xbrl.org/2003/arcrole/concept-label" xlink:from="TrackingBusinessIncomeOR" xlink:to="label_TrackingBusinessIncomeOR" />
    <link:label xlink:type="resource" xlink:label="label_TrackingBusinessIncomeOR_2" xml:lang="ja" xlink:role="http://www.xbrl.org/2003/role/verboseLabel" id="label_TrackingBusinessIncomeOR_2">貨物自動車運送事業収入、営業収益</link:label>
    <link:labelArc xlink:type="arc" xlink:arcrole="http://www.xbrl.org/2003/arcrole/concept-label" xlink:from="TrackingBusinessIncomeOR" xlink:to="label_TrackingBusinessIncomeOR_2" />
    <link:label xlink:type="resource" xlink:label="label_CenterBusinessIncomeOR" xml:lang="ja" xlink:role="http://www.xbrl.org/2003/role/label" id="label_CenterBusinessIncomeOR">センター事業収入</link:label>
    <link:labelArc xlink:type="arc" xlink:arcrole="http://www.xbrl.org/2003/arcrole/concept-label" xlink:from="CenterBusinessIncomeOR" xlink:to="label_CenterBusinessIncomeOR" />
    <link:label xlink:type="resource" xlink:label="label_CenterBusinessIncomeOR_2" xml:lang="ja" xlink:role="http://www.xbrl.org/2003/role/verboseLabel" id="label_CenterBusinessIncomeOR_2">センター事業収入、営業収益</link:label>
    <link:labelArc xlink:type="arc" xlink:arcrole="http://www.xbrl.org/2003/arcrole/concept-label" xlink:from="CenterBusinessIncomeOR" xlink:to="label_CenterBusinessIncomeOR_2" />
    <link:label xlink:type="resource" xlink:label="label_AssetsBusinessIncomeOR" xml:lang="ja" xlink:role="http://www.xbrl.org/2003/role/label" id="label_AssetsBusinessIncomeOR">アセット事業収入</link:label>
    <link:labelArc xlink:type="arc" xlink:arcrole="http://www.xbrl.org/2003/arcrole/concept-label" xlink:from="AssetsBusinessIncomeOR" xlink:to="label_AssetsBusinessIncomeOR" />
    <link:label xlink:type="resource" xlink:label="label_AssetsBusinessIncomeOR_2" xml:lang="ja" xlink:role="http://www.xbrl.org/2003/role/verboseLabel" id="label_AssetsBusinessIncomeOR_2">アセット事業収入、営業収益</link:label>
    <link:labelArc xlink:type="arc" xlink:arcrole="http://www.xbrl.org/2003/arcrole/concept-label" xlink:from="AssetsBusinessIncomeOR" xlink:to="label_AssetsBusinessIncomeOR_2" />
    <link:label xlink:type="resource" xlink:label="label_OtherOperatingIncomeOR" xml:lang="ja" xlink:role="http://www.xbrl.org/2003/role/label" id="label_OtherOperatingIncomeOR">その他事業収入</link:label>
    <link:labelArc xlink:type="arc" xlink:arcrole="http://www.xbrl.org/2003/arcrole/concept-label" xlink:from="OtherOperatingIncomeOR" xlink:to="label_OtherOperatingIncomeOR" />
    <link:label xlink:type="resource" xlink:label="label_OtherOperatingIncomeOR_2" xml:lang="ja" xlink:role="http://www.xbrl.org/2003/role/verboseLabel" id="label_OtherOperatingIncomeOR_2">その他事業収入、営業収益</link:label>
    <link:labelArc xlink:type="arc" xlink:arcrole="http://www.xbrl.org/2003/arcrole/concept-label" xlink:from="OtherOperatingIncomeOR" xlink:to="label_OtherOperatingIncomeOR_2" />
    <link:label xlink:type="resource" xlink:label="label_RefundOfNonCurrentAssetsTaxesNOI" xml:lang="ja" xlink:role="http://www.xbrl.org/2003/role/label" id="label_RefundOfNonCurrentAssetsTaxesNOI">固定資産税還付金</link:label>
    <link:labelArc xlink:type="arc" xlink:arcrole="http://www.xbrl.org/2003/arcrole/concept-label" xlink:from="RefundOfNonCurrentAssetsTaxesNOI" xlink:to="label_RefundOfNonCurrentAssetsTaxesNOI" />
    <link:label xlink:type="resource" xlink:label="label_RefundOfNonCurrentAssetsTaxesNOI_2" xml:lang="ja" xlink:role="http://www.xbrl.org/2003/role/verboseLabel" id="label_RefundOfNonCurrentAssetsTaxesNOI_2">固定資産税還付金、営業外収益</link:label>
    <link:labelArc xlink:type="arc" xlink:arcrole="http://www.xbrl.org/2003/arcrole/concept-label" xlink:from="RefundOfNonCurrentAssetsTaxesNOI" xlink:to="label_RefundOfNonCurrentAssetsTaxesNOI_2" />
    <link:label xlink:type="resource" xlink:label="label_GainOnSaleOfBusinessesNOI" xml:lang="ja" xlink:role="http://www.xbrl.org/2003/role/label" id="label_GainOnSaleOfBusinessesNOI">営業譲渡益</link:label>
    <link:labelArc xlink:type="arc" xlink:arcrole="http://www.xbrl.org/2003/arcrole/concept-label" xlink:from="GainOnSaleOfBusinessesNOI" xlink:to="label_GainOnSaleOfBusinessesNOI" />
    <link:label xlink:type="resource" xlink:label="label_GainOnSaleOfBusinessesNOI_2" xml:lang="ja" xlink:role="http://www.xbrl.org/2003/role/verboseLabel" id="label_GainOnSaleOfBusinessesNOI_2">営業譲渡益、営業外収益</link:label>
    <link:labelArc xlink:type="arc" xlink:arcrole="http://www.xbrl.org/2003/arcrole/concept-label" xlink:from="GainOnSaleOfBusinessesNOI" xlink:to="label_GainOnSaleOfBusinessesNOI_2" />
    <link:label xlink:type="resource" xlink:label="label_BreakdownOfProvisionForBonusesSGA" xml:lang="ja" xlink:role="http://www.xbrl.org/2003/role/label" id="label_BreakdownOfProvisionForBonusesSGA">（うち賞与引当金繰入額）</link:label>
    <link:labelArc xlink:type="arc" xlink:arcrole="http://www.xbrl.org/2003/arcrole/concept-label" xlink:from="BreakdownOfProvisionForBonusesSGA" xlink:to="label_BreakdownOfProvisionForBonusesSGA" />
    <link:label xlink:type="resource" xlink:label="label_BreakdownOfProvisionForBonusesSGA_2" xml:lang="ja" xlink:role="http://www.xbrl.org/2003/role/verboseLabel" id="label_BreakdownOfProvisionForBonusesSGA_2">（うち賞与引当金繰入額）、販売費及び一般管理費</link:label>
    <link:labelArc xlink:type="arc" xlink:arcrole="http://www.xbrl.org/2003/arcrole/concept-label" xlink:from="BreakdownOfProvisionForBonusesSGA" xlink:to="label_BreakdownOfProvisionForBonusesSGA_2" />
    <link:label xlink:type="resource" xlink:label="label_BreakdownOfProvisionForDirectorsRetirementBenefitsSGA" xml:lang="ja" xlink:role="http://www.xbrl.org/2003/role/label" id="label_BreakdownOfProvisionForDirectorsRetirementBenefitsSGA">（うち役員退職慰労引当金繰入額）</link:label>
    <link:labelArc xlink:type="arc" xlink:arcrole="http://www.xbrl.org/2003/arcrole/concept-label" xlink:from="BreakdownOfProvisionForDirectorsRetirementBenefitsSGA" xlink:to="label_BreakdownOfProvisionForDirectorsRetirementBenefitsSGA" />
    <link:label xlink:type="resource" xlink:label="label_BreakdownOfProvisionForDirectorsRetirementBenefitsSGA_2" xml:lang="ja" xlink:role="http://www.xbrl.org/2003/role/verboseLabel" id="label_BreakdownOfProvisionForDirectorsRetirementBenefitsSGA_2">（うち役員退職慰労引当金繰入額）、販売費及び一般管理費</link:label>
    <link:labelArc xlink:type="arc" xlink:arcrole="http://www.xbrl.org/2003/arcrole/concept-label" xlink:from="BreakdownOfProvisionForDirectorsRetirementBenefitsSGA" xlink:to="label_BreakdownOfProvisionForDirectorsRetirementBenefitsSGA_2" />
    <link:label xlink:type="resource" xlink:label="label_BreakdownOfRetirementBenefitExpensesSGA" xml:lang="ja" xlink:role="http://www.xbrl.org/2003/role/label" id="label_BreakdownOfRetirementBenefitExpensesSGA">（うち退職給付費用）</link:label>
    <link:labelArc xlink:type="arc" xlink:arcrole="http://www.xbrl.org/2003/arcrole/concept-label" xlink:from="BreakdownOfRetirementBenefitExpensesSGA" xlink:to="label_BreakdownOfRetirementBenefitExpensesSGA" />
    <link:label xlink:type="resource" xlink:label="label_BreakdownOfRetirementBenefitExpensesSGA_2" xml:lang="ja" xlink:role="http://www.xbrl.org/2003/role/verboseLabel" id="label_BreakdownOfRetirementBenefitExpensesSGA_2">（うち退職給付費用）、販売費及び一般管理費</link:label>
    <link:labelArc xlink:type="arc" xlink:arcrole="http://www.xbrl.org/2003/arcrole/concept-label" xlink:from="BreakdownOfRetirementBenefitExpensesSGA" xlink:to="label_BreakdownOfRetirementBenefitExpensesSGA_2" />
    <link:label xlink:type="resource" xlink:label="label_CompensationIncomeForDamageEI" xml:lang="ja" xlink:role="http://www.xbrl.org/2003/role/label" id="label_CompensationIncomeForDamageEI">受取損害賠償金</link:label>
    <link:labelArc xlink:type="arc" xlink:arcrole="http://www.xbrl.org/2003/arcrole/concept-label" xlink:from="CompensationIncomeForDamageEI" xlink:to="label_CompensationIncomeForDamageEI" />
    <link:label xlink:type="resource" xlink:label="label_CompensationIncomeForDamageEI_2" xml:lang="ja" xlink:role="http://www.xbrl.org/2003/role/verboseLabel" id="label_CompensationIncomeForDamageEI_2">受取損害賠償金、特別利益</link:label>
    <link:labelArc xlink:type="arc" xlink:arcrole="http://www.xbrl.org/2003/arcrole/concept-label" xlink:from="CompensationIncomeForDamageEI" xlink:to="label_CompensationIncomeForDamageEI_2" />
    <link:label xlink:type="resource" xlink:label="label_YokoyamaToshiakiMember" xml:lang="ja" xlink:role="http://www.xbrl.org/2003/role/label" id="label_YokoyamaToshiakiMember">横 山 敏 明</link:label>
    <link:labelArc xlink:type="arc" xlink:arcrole="http://www.xbrl.org/2003/arcrole/concept-label" xlink:from="YokoyamaToshiakiMember" xlink:to="label_YokoyamaToshiakiMember" />
    <link:label xlink:type="resource" xlink:label="label_YokoyamaToshiakiMember_2" xml:lang="ja" xlink:role="http://www.xbrl.org/2003/role/verboseLabel" id="label_YokoyamaToshiakiMember_2">横 山 敏 明 [メンバー]</link:label>
    <link:labelArc xlink:type="arc" xlink:arcrole="http://www.xbrl.org/2003/arcrole/concept-label" xlink:from="YokoyamaToshiakiMember" xlink:to="label_YokoyamaToshiakiMember_2" />
    <link:label xlink:type="resource" xlink:label="label_SuzukiYasuhisaMember" xml:lang="ja" xlink:role="http://www.xbrl.org/2003/role/label" id="label_SuzukiYasuhisaMember">鈴 木 泰 久</link:label>
    <link:labelArc xlink:type="arc" xlink:arcrole="http://www.xbrl.org/2003/arcrole/concept-label" xlink:from="SuzukiYasuhisaMember" xlink:to="label_SuzukiYasuhisaMember" />
    <link:label xlink:type="resource" xlink:label="label_SuzukiYasuhisaMember_2" xml:lang="ja" xlink:role="http://www.xbrl.org/2003/role/verboseLabel" id="label_SuzukiYasuhisaMember_2">鈴 木 泰 久 [メンバー]</link:label>
    <link:labelArc xlink:type="arc" xlink:arcrole="http://www.xbrl.org/2003/arcrole/concept-label" xlink:from="SuzukiYasuhisaMember" xlink:to="label_SuzukiYasuhisaMember_2" />
    <link:label xlink:type="resource" xlink:label="label_NakanisiHirotakeMember" xml:lang="ja" xlink:role="http://www.xbrl.org/2003/role/verboseLabel" id="label_NakanisiHirotakeMember">中西　弘毅 [メンバー]</link:label>
    <link:labelArc xlink:type="arc" xlink:arcrole="http://www.xbrl.org/2003/arcrole/concept-label" xlink:from="NakanisiHirotakeMember" xlink:to="label_NakanisiHirotakeMember" />
    <link:label xlink:type="resource" xlink:label="label_NakanisiHirotakeMember_2" xml:lang="ja" xlink:role="http://www.xbrl.org/2003/role/label" id="label_NakanisiHirotakeMember_2">中西　弘毅</link:label>
    <link:labelArc xlink:type="arc" xlink:arcrole="http://www.xbrl.org/2003/arcrole/concept-label" xlink:from="NakanisiHirotakeMember" xlink:to="label_NakanisiHirotakeMember_2" />
    <link:label xlink:type="resource" xlink:label="label_OguraAkioMember" xml:lang="ja" xlink:role="http://www.xbrl.org/2003/role/verboseLabel" id="label_OguraAkioMember">小倉　章男 [メンバー]</link:label>
    <link:labelArc xlink:type="arc" xlink:arcrole="http://www.xbrl.org/2003/arcrole/concept-label" xlink:from="OguraAkioMember" xlink:to="label_OguraAkioMember" />
    <link:label xlink:type="resource" xlink:label="label_OguraAkioMember_2" xml:lang="ja" xlink:role="http://www.xbrl.org/2003/role/label" id="label_OguraAkioMember_2">小倉　章男</link:label>
    <link:labelArc xlink:type="arc" xlink:arcrole="http://www.xbrl.org/2003/arcrole/concept-label" xlink:from="OguraAkioMember" xlink:to="label_OguraAkioMember_2" />
    <link:label xlink:type="resource" xlink:label="label_MiyamuraRyujiMember" xml:lang="ja" xlink:role="http://www.xbrl.org/2003/role/verboseLabel" id="label_MiyamuraRyujiMember">宮村　隆二 [メンバー]</link:label>
    <link:labelArc xlink:type="arc" xlink:arcrole="http://www.xbrl.org/2003/arcrole/concept-label" xlink:from="MiyamuraRyujiMember" xlink:to="label_MiyamuraRyujiMember" />
    <link:label xlink:type="resource" xlink:label="label_MiyamuraRyujiMember_2" xml:lang="ja" xlink:role="http://www.xbrl.org/2003/role/label" id="label_MiyamuraRyujiMember_2">宮村　隆二</link:label>
    <link:labelArc xlink:type="arc" xlink:arcrole="http://www.xbrl.org/2003/arcrole/concept-label" xlink:from="MiyamuraRyujiMember" xlink:to="label_MiyamuraRyujiMember_2" />
    <link:label xlink:type="resource" xlink:label="label_SasakiToshimasaMember" xml:lang="ja" xlink:role="http://www.xbrl.org/2003/role/verboseLabel" id="label_SasakiToshimasaMember">佐々木　利昌 [メンバー]</link:label>
    <link:labelArc xlink:type="arc" xlink:arcrole="http://www.xbrl.org/2003/arcrole/concept-label" xlink:from="SasakiToshimasaMember" xlink:to="label_SasakiToshimasaMember" />
    <link:label xlink:type="resource" xlink:label="label_SasakiToshimasaMember_2" xml:lang="ja" xlink:role="http://www.xbrl.org/2003/role/label" id="label_SasakiToshimasaMember_2">佐々木　利昌</link:label>
    <link:labelArc xlink:type="arc" xlink:arcrole="http://www.xbrl.org/2003/arcrole/concept-label" xlink:from="SasakiToshimasaMember" xlink:to="label_SasakiToshimasaMember_2" />
    <link:label xlink:type="resource" xlink:label="label_MatuuraKoujiMember" xml:lang="ja" xlink:role="http://www.xbrl.org/2003/role/verboseLabel" id="label_MatuuraKoujiMember">松浦　康治 [メンバー]</link:label>
    <link:labelArc xlink:type="arc" xlink:arcrole="http://www.xbrl.org/2003/arcrole/concept-label" xlink:from="MatuuraKoujiMember" xlink:to="label_MatuuraKoujiMember" />
    <link:label xlink:type="resource" xlink:label="label_MatuuraKoujiMember_2" xml:lang="ja" xlink:role="http://www.xbrl.org/2003/role/label" id="label_MatuuraKoujiMember_2">松浦　康治</link:label>
    <link:labelArc xlink:type="arc" xlink:arcrole="http://www.xbrl.org/2003/arcrole/concept-label" xlink:from="MatuuraKoujiMember" xlink:to="label_MatuuraKoujiMember_2" />
    <link:label xlink:type="resource" xlink:label="label_YodaToshikazuMember" xml:lang="ja" xlink:role="http://www.xbrl.org/2003/role/label" id="label_YodaToshikazuMember">与田　俊和</link:label>
    <link:labelArc xlink:type="arc" xlink:arcrole="http://www.xbrl.org/2003/arcrole/concept-label" xlink:from="YodaToshikazuMember" xlink:to="label_YodaToshikazuMember" />
    <link:label xlink:type="resource" xlink:label="label_YodaToshikazuMember_2" xml:lang="ja" xlink:role="http://www.xbrl.org/2003/role/verboseLabel" id="label_YodaToshikazuMember_2">与田　俊和 [メンバー]</link:label>
    <link:labelArc xlink:type="arc" xlink:arcrole="http://www.xbrl.org/2003/arcrole/concept-label" xlink:from="YodaToshikazuMember" xlink:to="label_YodaToshikazuMember_2" />
    <link:label xlink:type="resource" xlink:label="label_SaikiShuuichiMember" xml:lang="ja" xlink:role="http://www.xbrl.org/2003/role/label" id="label_SaikiShuuichiMember">齊木　秀一</link:label>
    <link:labelArc xlink:type="arc" xlink:arcrole="http://www.xbrl.org/2003/arcrole/concept-label" xlink:from="SaikiShuuichiMember" xlink:to="label_SaikiShuuichiMember" />
    <link:label xlink:type="resource" xlink:label="label_SaikiShuuichiMember_2" xml:lang="ja" xlink:role="http://www.xbrl.org/2003/role/verboseLabel" id="label_SaikiShuuichiMember_2">齊木　秀一 [メンバー]</link:label>
    <link:labelArc xlink:type="arc" xlink:arcrole="http://www.xbrl.org/2003/arcrole/concept-label" xlink:from="SaikiShuuichiMember" xlink:to="label_SaikiShuuichiMember_2" />
    <link:label xlink:type="resource" xlink:label="label_IinoTsuyoshiMember" xml:lang="ja" xlink:role="http://www.xbrl.org/2003/role/label" id="label_IinoTsuyoshiMember">飯野　毅</link:label>
    <link:labelArc xlink:type="arc" xlink:arcrole="http://www.xbrl.org/2003/arcrole/concept-label" xlink:from="IinoTsuyoshiMember" xlink:to="label_IinoTsuyoshiMember" />
    <link:label xlink:type="resource" xlink:label="label_IinoTsuyoshiMember_2" xml:lang="ja" xlink:role="http://www.xbrl.org/2003/role/verboseLabel" id="label_IinoTsuyoshiMember_2">飯野　毅 [メンバー]</link:label>
    <link:labelArc xlink:type="arc" xlink:arcrole="http://www.xbrl.org/2003/arcrole/concept-label" xlink:from="IinoTsuyoshiMember" xlink:to="label_IinoTsuyoshiMember_2" />
    <link:label xlink:type="resource" xlink:label="label_IijimaTakashiMember" xml:lang="ja" xlink:role="http://www.xbrl.org/2003/role/verboseLabel" id="label_IijimaTakashiMember">飯島　隆 [メンバー]</link:label>
    <link:labelArc xlink:type="arc" xlink:arcrole="http://www.xbrl.org/2003/arcrole/concept-label" xlink:from="IijimaTakashiMember" xlink:to="label_IijimaTakashiMember" />
    <link:label xlink:type="resource" xlink:label="label_IijimaTakashiMember_2" xml:lang="ja" xlink:role="http://www.xbrl.org/2003/role/label" id="label_IijimaTakashiMember_2">飯島　隆</link:label>
    <link:labelArc xlink:type="arc" xlink:arcrole="http://www.xbrl.org/2003/arcrole/concept-label" xlink:from="IijimaTakashiMember" xlink:to="label_IijimaTakashiMember_2" />
    <link:label xlink:type="resource" xlink:label="label_IshiiShinyaMember" xml:lang="ja" xlink:role="http://www.xbrl.org/2003/role/verboseLabel" id="label_IshiiShinyaMember">石井　眞也 [メンバー]</link:label>
    <link:labelArc xlink:type="arc" xlink:arcrole="http://www.xbrl.org/2003/arcrole/concept-label" xlink:from="IshiiShinyaMember" xlink:to="label_IshiiShinyaMember" />
    <link:label xlink:type="resource" xlink:label="label_IshiiShinyaMember_2" xml:lang="ja" xlink:role="http://www.xbrl.org/2003/role/label" id="label_IshiiShinyaMember_2">石井　眞也</link:label>
    <link:labelArc xlink:type="arc" xlink:arcrole="http://www.xbrl.org/2003/arcrole/concept-label" xlink:from="IshiiShinyaMember" xlink:to="label_IshiiShinyaMember_2" />
    <link:label xlink:type="resource" xlink:label="label_NakanishiShinjiroMember" xml:lang="ja" xlink:role="http://www.xbrl.org/2003/role/verboseLabel" id="label_NakanishiShinjiroMember">中西　伸次郎 [メンバー]</link:label>
    <link:labelArc xlink:type="arc" xlink:arcrole="http://www.xbrl.org/2003/arcrole/concept-label" xlink:from="NakanishiShinjiroMember" xlink:to="label_NakanishiShinjiroMember" />
    <link:label xlink:type="resource" xlink:label="label_NakanishiShinjiroMember_2" xml:lang="ja" xlink:role="http://www.xbrl.org/2003/role/label" id="label_NakanishiShinjiroMember_2">中西　伸次郎</link:label>
    <link:labelArc xlink:type="arc" xlink:arcrole="http://www.xbrl.org/2003/arcrole/concept-label" xlink:from="NakanishiShinjiroMember" xlink:to="label_NakanishiShinjiroMember_2" />
  </link:labelLink>
</link:linkbase>