<?xml version="1.0" encoding="utf-8"?>
<!-- Generated by PRONEXUS WORKS -->
<link:linkbase xmlns:link="http://www.xbrl.org/2003/linkbase" xmlns:xsi="http://www.w3.org/2001/XMLSchema-instance" xmlns:xbrli="http://www.xbrl.org/2003/instance" xmlns:xlink="http://www.w3.org/1999/xlink">
  <link:roleRef xlink:type="simple" roleURI="http://disclosure.edinet-fsa.go.jp/jppfs/NonConsolidated/role/label" xlink:href="http://disclosure.edinet-fsa.go.jp/taxonomy/jppfs/2020-11-01/jppfs_rt_2020-11-01.xsd#rol_NonConsolidatedLabel" />
  <link:roleRef xlink:type="simple" roleURI="http://disclosure.edinet-fsa.go.jp/jppfs/Consolidated/role/label" xlink:href="http://disclosure.edinet-fsa.go.jp/taxonomy/jppfs/2020-11-01/jppfs_rt_2020-11-01.xsd#rol_ConsolidatedLabel" />
  <link:labelLink xlink:type="extended" xlink:role="http://www.xbrl.org/2003/role/link">
    <link:loc xlink:type="locator" xlink:href="jpcrp030000-asr-001_E04206-000_2021-03-31_01_2021-06-30.xsd#jpcrp030000-asr_E04206-000_IncreaseDecreaseNetDefinedBenefitAssetLiabilityOpeCF" xlink:label="IncreaseDecreaseNetDefinedBenefitAssetLiabilityOpeCF" />
    <link:loc xlink:type="locator" xlink:href="jpcrp030000-asr-001_E04206-000_2021-03-31_01_2021-06-30.xsd#jpcrp030000-asr_E04206-000_TrackingBusinessIncomeOR" xlink:label="TrackingBusinessIncomeOR" />
    <link:loc xlink:type="locator" xlink:href="jpcrp030000-asr-001_E04206-000_2021-03-31_01_2021-06-30.xsd#jpcrp030000-asr_E04206-000_CenterBusinessIncomeOR" xlink:label="CenterBusinessIncomeOR" />
    <link:loc xlink:type="locator" xlink:href="jpcrp030000-asr-001_E04206-000_2021-03-31_01_2021-06-30.xsd#jpcrp030000-asr_E04206-000_AssetsBusinessIncomeOR" xlink:label="AssetsBusinessIncomeOR" />
    <link:loc xlink:type="locator" xlink:href="jpcrp030000-asr-001_E04206-000_2021-03-31_01_2021-06-30.xsd#jpcrp030000-asr_E04206-000_OtherOperatingIncomeOR" xlink:label="OtherOperatingIncomeOR" />
    <link:loc xlink:type="locator" xlink:href="jpcrp030000-asr-001_E04206-000_2021-03-31_01_2021-06-30.xsd#jpcrp030000-asr_E04206-000_RefundOfNonCurrentAssetsTaxesNOI" xlink:label="RefundOfNonCurrentAssetsTaxesNOI" />
    <link:loc xlink:type="locator" xlink:href="jpcrp030000-asr-001_E04206-000_2021-03-31_01_2021-06-30.xsd#jpcrp030000-asr_E04206-000_GainOnSaleOfBusinessesNOI" xlink:label="GainOnSaleOfBusinessesNOI" />
    <link:loc xlink:type="locator" xlink:href="jpcrp030000-asr-001_E04206-000_2021-03-31_01_2021-06-30.xsd#jpcrp030000-asr_E04206-000_BreakdownOfProvisionForBonusesSGA" xlink:label="BreakdownOfProvisionForBonusesSGA" />
    <link:loc xlink:type="locator" xlink:href="jpcrp030000-asr-001_E04206-000_2021-03-31_01_2021-06-30.xsd#jpcrp030000-asr_E04206-000_BreakdownOfProvisionForDirectorsRetirementBenefitsSGA" xlink:label="BreakdownOfProvisionForDirectorsRetirementBenefitsSGA" />
    <link:loc xlink:type="locator" xlink:href="jpcrp030000-asr-001_E04206-000_2021-03-31_01_2021-06-30.xsd#jpcrp030000-asr_E04206-000_BreakdownOfRetirementBenefitExpensesSGA" xlink:label="BreakdownOfRetirementBenefitExpensesSGA" />
    <link:loc xlink:type="locator" xlink:href="jpcrp030000-asr-001_E04206-000_2021-03-31_01_2021-06-30.xsd#jpcrp030000-asr_E04206-000_NakanisiHirotakeMember" xlink:label="NakanisiHirotakeMember" />
    <link:loc xlink:type="locator" xlink:href="jpcrp030000-asr-001_E04206-000_2021-03-31_01_2021-06-30.xsd#jpcrp030000-asr_E04206-000_OguraAkioMember" xlink:label="OguraAkioMember" />
    <link:loc xlink:type="locator" xlink:href="jpcrp030000-asr-001_E04206-000_2021-03-31_01_2021-06-30.xsd#jpcrp030000-asr_E04206-000_MiyamuraRyujiMember" xlink:label="MiyamuraRyujiMember" />
    <link:loc xlink:type="locator" xlink:href="jpcrp030000-asr-001_E04206-000_2021-03-31_01_2021-06-30.xsd#jpcrp030000-asr_E04206-000_IinoTsuyoshiMember" xlink:label="IinoTsuyoshiMember" />
    <link:loc xlink:type="locator" xlink:href="jpcrp030000-asr-001_E04206-000_2021-03-31_01_2021-06-30.xsd#jpcrp030000-asr_E04206-000_IijimaTakashiMember" xlink:label="IijimaTakashiMember" />
    <link:loc xlink:type="locator" xlink:href="jpcrp030000-asr-001_E04206-000_2021-03-31_01_2021-06-30.xsd#jpcrp030000-asr_E04206-000_IshiiShinyaMember" xlink:label="IshiiShinyaMember" />
    <link:loc xlink:type="locator" xlink:href="jpcrp030000-asr-001_E04206-000_2021-03-31_01_2021-06-30.xsd#jpcrp030000-asr_E04206-000_SasakiToshimasaMember" xlink:label="SasakiToshimasaMember" />
    <link:loc xlink:type="locator" xlink:href="jpcrp030000-asr-001_E04206-000_2021-03-31_01_2021-06-30.xsd#jpcrp030000-asr_E04206-000_NakanishiShinjiroMember" xlink:label="NakanishiShinjiroMember" />
    <link:loc xlink:type="locator" xlink:href="jpcrp030000-asr-001_E04206-000_2021-03-31_01_2021-06-30.xsd#jpcrp030000-asr_E04206-000_MatuuraKoujiMember" xlink:label="MatuuraKoujiMember" />
    <link:loc xlink:type="locator" xlink:href="jpcrp030000-asr-001_E04206-000_2021-03-31_01_2021-06-30.xsd#jpcrp030000-asr_E04206-000_YodaToshikazuMember" xlink:label="YodaToshikazuMember" />
    <link:loc xlink:type="locator" xlink:href="jpcrp030000-asr-001_E04206-000_2021-03-31_01_2021-06-30.xsd#jpcrp030000-asr_E04206-000_SaikiShuuichiMember" xlink:label="SaikiShuuichiMember" />
    <link:loc xlink:type="locator" xlink:href="jpcrp030000-asr-001_E04206-000_2021-03-31_01_2021-06-30.xsd#jpcrp030000-asr_E04206-000_TrackingBusinessReportableSegmentsMember" xlink:label="TrackingBusinessReportableSegmentsMember" />
    <link:loc xlink:type="locator" xlink:href="jpcrp030000-asr-001_E04206-000_2021-03-31_01_2021-06-30.xsd#jpcrp030000-asr_E04206-000_CenterBusinessReportableSegmentsMember" xlink:label="CenterBusinessReportableSegmentsMember" />
    <link:loc xlink:type="locator" xlink:href="jpcrp030000-asr-001_E04206-000_2021-03-31_01_2021-06-30.xsd#jpcrp030000-asr_E04206-000_AssetsBusinessReportableSegmentsMember" xlink:label="AssetsBusinessReportableSegmentsMember" />
    <link:loc xlink:type="locator" xlink:href="http://disclosure.edinet-fsa.go.jp/taxonomy/jppfs/2020-11-01/jppfs_cor_2020-11-01.xsd#jppfs_cor_Inventories" xlink:label="Inventories" />
    <link:loc xlink:type="locator" xlink:href="http://disclosure.edinet-fsa.go.jp/taxonomy/jpcrp/2020-11-01/jpcrp_cor_2020-11-01.xsd#jpcrp_cor_NotesRegardingInventoriesTextBlock" xlink:label="NotesRegardingInventoriesTextBlock" />
    <link:loc xlink:type="locator" xlink:href="http://disclosure.edinet-fsa.go.jp/taxonomy/jpcrp/2020-11-01/jpcrp_cor_2020-11-01.xsd#jpcrp_cor_NotesRegardingPresentationOfInventoriesAndProvisionForLossOnConstructionContractsTextBlock" xlink:label="NotesRegardingPresentationOfInventoriesAndProvisionForLossOnConstructionContractsTextBlock" />
    <link:loc xlink:type="locator" xlink:href="http://disclosure.edinet-fsa.go.jp/taxonomy/jpcrp/2020-11-01/jpcrp_cor_2020-11-01.xsd#jpcrp_cor_NotesRegardingWriteDownsOfInventoriesTextBlock" xlink:label="NotesRegardingWriteDownsOfInventoriesTextBlock" />
    <link:loc xlink:type="locator" xlink:href="http://disclosure.edinet-fsa.go.jp/taxonomy/jpcrp/2020-11-01/jpcrp_cor_2020-11-01.xsd#jpcrp_cor_WriteDownsOfInventories" xlink:label="WriteDownsOfInventories" />
    <link:loc xlink:type="locator" xlink:href="jpcrp030000-asr-001_E04206-000_2021-03-31_01_2021-06-30.xsd#jpcrp030000-asr_E04206-000_CompensationIncomeForDamageEI" xlink:label="CompensationIncomeForDamageEI" />
    <link:label xlink:type="resource" xlink:label="label_NotesRegardingInventoriesTextBlock" xml:lang="en" xlink:role="http://disclosure.edinet-fsa.go.jp/jppfs/Consolidated/role/label" id="label_NotesRegardingInventoriesTextBlock">Notes regarding components of inventories</link:label>
    <link:labelArc xlink:type="arc" xlink:arcrole="http://www.xbrl.org/2003/arcrole/concept-label" xlink:from="NotesRegardingInventoriesTextBlock" xlink:to="label_NotesRegardingInventoriesTextBlock" />
    <link:label xlink:type="resource" xlink:label="label_NotesRegardingInventoriesTextBlock_2" xml:lang="en" xlink:role="http://disclosure.edinet-fsa.go.jp/jppfs/NonConsolidated/role/label" id="label_NotesRegardingInventoriesTextBlock_2">Notes regarding components of inventories</link:label>
    <link:labelArc xlink:type="arc" xlink:arcrole="http://www.xbrl.org/2003/arcrole/concept-label" xlink:from="NotesRegardingInventoriesTextBlock" xlink:to="label_NotesRegardingInventoriesTextBlock_2" />
    <link:label xlink:type="resource" xlink:label="label_NotesRegardingPresentationOfInventoriesAndProvisionForLossOnConstructionContractsTextBlock" xml:lang="en" xlink:role="http://disclosure.edinet-fsa.go.jp/jppfs/Consolidated/role/label" id="label_NotesRegardingPresentationOfInventoriesAndProvisionForLossOnConstructionContractsTextBlock">Notes regarding presentation of inventories and provision for loss on construction contracts</link:label>
    <link:labelArc xlink:type="arc" xlink:arcrole="http://www.xbrl.org/2003/arcrole/concept-label" xlink:from="NotesRegardingPresentationOfInventoriesAndProvisionForLossOnConstructionContractsTextBlock" xlink:to="label_NotesRegardingPresentationOfInventoriesAndProvisionForLossOnConstructionContractsTextBlock" />
    <link:label xlink:type="resource" xlink:label="label_NotesRegardingPresentationOfInventoriesAndProvisionForLossOnConstructionContractsTextBlock_2" xml:lang="en" xlink:role="http://disclosure.edinet-fsa.go.jp/jppfs/NonConsolidated/role/label" id="label_NotesRegardingPresentationOfInventoriesAndProvisionForLossOnConstructionContractsTextBlock_2">Notes regarding presentation of inventories and provision for loss on construction contracts</link:label>
    <link:labelArc xlink:type="arc" xlink:arcrole="http://www.xbrl.org/2003/arcrole/concept-label" xlink:from="NotesRegardingPresentationOfInventoriesAndProvisionForLossOnConstructionContractsTextBlock" xlink:to="label_NotesRegardingPresentationOfInventoriesAndProvisionForLossOnConstructionContractsTextBlock_2" />
    <link:loc xlink:type="locator" xlink:href="http://disclosure.edinet-fsa.go.jp/taxonomy/jppfs/2020-11-01/jppfs_cor_2020-11-01.xsd#jppfs_cor_DecreaseIncreaseInInventoriesOpeCF" xlink:label="DecreaseIncreaseInInventoriesOpeCF" />
    <link:label xlink:type="resource" xlink:label="label_DecreaseIncreaseInInventoriesOpeCF" xml:lang="en" xlink:role="http://disclosure.edinet-fsa.go.jp/jppfs/Consolidated/role/label" id="label_DecreaseIncreaseInInventoriesOpeCF">Decrease (increase) in inventories</link:label>
    <link:labelArc xlink:type="arc" xlink:arcrole="http://www.xbrl.org/2003/arcrole/concept-label" xlink:from="DecreaseIncreaseInInventoriesOpeCF" xlink:to="label_DecreaseIncreaseInInventoriesOpeCF" />
    <link:label xlink:type="resource" xlink:label="label_NotesRegardingWriteDownsOfInventoriesTextBlock" xml:lang="en" xlink:role="http://disclosure.edinet-fsa.go.jp/jppfs/Consolidated/role/label" id="label_NotesRegardingWriteDownsOfInventoriesTextBlock">Notes regarding write-downs of inventories</link:label>
    <link:labelArc xlink:type="arc" xlink:arcrole="http://www.xbrl.org/2003/arcrole/concept-label" xlink:from="NotesRegardingWriteDownsOfInventoriesTextBlock" xlink:to="label_NotesRegardingWriteDownsOfInventoriesTextBlock" />
    <link:label xlink:type="resource" xlink:label="label_NotesRegardingWriteDownsOfInventoriesTextBlock_2" xml:lang="en" xlink:role="http://disclosure.edinet-fsa.go.jp/jppfs/NonConsolidated/role/label" id="label_NotesRegardingWriteDownsOfInventoriesTextBlock_2">Notes regarding write-downs of inventories</link:label>
    <link:labelArc xlink:type="arc" xlink:arcrole="http://www.xbrl.org/2003/arcrole/concept-label" xlink:from="NotesRegardingWriteDownsOfInventoriesTextBlock" xlink:to="label_NotesRegardingWriteDownsOfInventoriesTextBlock_2" />
    <link:label xlink:type="resource" xlink:label="label_WriteDownsOfInventories" xml:lang="en" xlink:role="http://disclosure.edinet-fsa.go.jp/jppfs/Consolidated/role/label" id="label_WriteDownsOfInventories">Write-downs of inventories</link:label>
    <link:labelArc xlink:type="arc" xlink:arcrole="http://www.xbrl.org/2003/arcrole/concept-label" xlink:from="WriteDownsOfInventories" xlink:to="label_WriteDownsOfInventories" />
    <link:label xlink:type="resource" xlink:label="label_WriteDownsOfInventories_2" xml:lang="en" xlink:role="http://disclosure.edinet-fsa.go.jp/jppfs/NonConsolidated/role/label" id="label_WriteDownsOfInventories_2">Write-downs of inventories</link:label>
    <link:labelArc xlink:type="arc" xlink:arcrole="http://www.xbrl.org/2003/arcrole/concept-label" xlink:from="WriteDownsOfInventories" xlink:to="label_WriteDownsOfInventories_2" />
    <link:loc xlink:type="locator" xlink:href="jpcrp030000-asr-001_E04206-000_2021-03-31_01_2021-06-30.xsd#jpcrp030000-asr_E04206-000_YokoyamaToshiakiMember" xlink:label="YokoyamaToshiakiMember" />
    <link:loc xlink:type="locator" xlink:href="jpcrp030000-asr-001_E04206-000_2021-03-31_01_2021-06-30.xsd#jpcrp030000-asr_E04206-000_SuzukiYasuhisaMember" xlink:label="SuzukiYasuhisaMember" />
    <link:label xlink:type="resource" xlink:label="label_Inventories" xml:lang="en" xlink:role="http://disclosure.edinet-fsa.go.jp/jppfs/Consolidated/role/label" id="label_Inventories">Inventories</link:label>
    <link:labelArc xlink:type="arc" xlink:arcrole="http://www.xbrl.org/2003/arcrole/concept-label" xlink:from="Inventories" xlink:to="label_Inventories" />
    <link:label xlink:type="resource" xlink:label="label_Inventories_2" xml:lang="en" xlink:role="http://disclosure.edinet-fsa.go.jp/jppfs/NonConsolidated/role/label" id="label_Inventories_2">Inventories</link:label>
    <link:labelArc xlink:type="arc" xlink:arcrole="http://www.xbrl.org/2003/arcrole/concept-label" xlink:from="Inventories" xlink:to="label_Inventories_2" />
    <link:label xlink:type="resource" xlink:label="label_IncreaseDecreaseNetDefinedBenefitAssetLiabilityOpeCF" xml:lang="en" xlink:role="http://www.xbrl.org/2003/role/label" id="label_IncreaseDecreaseNetDefinedBenefitAssetLiabilityOpeCF">Increase (decrease) net defined benefit asset liability</link:label>
    <link:labelArc xlink:type="arc" xlink:arcrole="http://www.xbrl.org/2003/arcrole/concept-label" xlink:from="IncreaseDecreaseNetDefinedBenefitAssetLiabilityOpeCF" xlink:to="label_IncreaseDecreaseNetDefinedBenefitAssetLiabilityOpeCF" />
    <link:label xlink:type="resource" xlink:label="label_IncreaseDecreaseNetDefinedBenefitAssetLiabilityOpeCF_2" xml:lang="en" xlink:role="http://www.xbrl.org/2003/role/verboseLabel" id="label_IncreaseDecreaseNetDefinedBenefitAssetLiabilityOpeCF_2">Increase (decrease) net defined benefit asset liability-OpeCF</link:label>
    <link:labelArc xlink:type="arc" xlink:arcrole="http://www.xbrl.org/2003/arcrole/concept-label" xlink:from="IncreaseDecreaseNetDefinedBenefitAssetLiabilityOpeCF" xlink:to="label_IncreaseDecreaseNetDefinedBenefitAssetLiabilityOpeCF_2" />
    <link:label xlink:type="resource" xlink:label="label_AssetsBusinessReportableSegmentsMember" xml:lang="en" xlink:role="http://www.xbrl.org/2003/role/label" id="label_AssetsBusinessReportableSegmentsMember">Assets business</link:label>
    <link:labelArc xlink:type="arc" xlink:arcrole="http://www.xbrl.org/2003/arcrole/concept-label" xlink:from="AssetsBusinessReportableSegmentsMember" xlink:to="label_AssetsBusinessReportableSegmentsMember" />
    <link:label xlink:type="resource" xlink:label="label_AssetsBusinessReportableSegmentsMember_2" xml:lang="en" xlink:role="http://www.xbrl.org/2003/role/verboseLabel" id="label_AssetsBusinessReportableSegmentsMember_2">Assets business, Reportable segments [member]</link:label>
    <link:labelArc xlink:type="arc" xlink:arcrole="http://www.xbrl.org/2003/arcrole/concept-label" xlink:from="AssetsBusinessReportableSegmentsMember" xlink:to="label_AssetsBusinessReportableSegmentsMember_2" />
    <link:label xlink:type="resource" xlink:label="label_TrackingBusinessReportableSegmentsMember" xml:lang="en" xlink:role="http://www.xbrl.org/2003/role/label" id="label_TrackingBusinessReportableSegmentsMember">Tracking business</link:label>
    <link:labelArc xlink:type="arc" xlink:arcrole="http://www.xbrl.org/2003/arcrole/concept-label" xlink:from="TrackingBusinessReportableSegmentsMember" xlink:to="label_TrackingBusinessReportableSegmentsMember" />
    <link:label xlink:type="resource" xlink:label="label_TrackingBusinessReportableSegmentsMember_2" xml:lang="en" xlink:role="http://www.xbrl.org/2003/role/verboseLabel" id="label_TrackingBusinessReportableSegmentsMember_2">Tracking business, Reportable segments [member]</link:label>
    <link:labelArc xlink:type="arc" xlink:arcrole="http://www.xbrl.org/2003/arcrole/concept-label" xlink:from="TrackingBusinessReportableSegmentsMember" xlink:to="label_TrackingBusinessReportableSegmentsMember_2" />
    <link:label xlink:type="resource" xlink:label="label_CenterBusinessReportableSegmentsMember" xml:lang="en" xlink:role="http://www.xbrl.org/2003/role/label" id="label_CenterBusinessReportableSegmentsMember">Center business</link:label>
    <link:labelArc xlink:type="arc" xlink:arcrole="http://www.xbrl.org/2003/arcrole/concept-label" xlink:from="CenterBusinessReportableSegmentsMember" xlink:to="label_CenterBusinessReportableSegmentsMember" />
    <link:label xlink:type="resource" xlink:label="label_CenterBusinessReportableSegmentsMember_2" xml:lang="en" xlink:role="http://www.xbrl.org/2003/role/verboseLabel" id="label_CenterBusinessReportableSegmentsMember_2">Center business, Reportable segments [member]</link:label>
    <link:labelArc xlink:type="arc" xlink:arcrole="http://www.xbrl.org/2003/arcrole/concept-label" xlink:from="CenterBusinessReportableSegmentsMember" xlink:to="label_CenterBusinessReportableSegmentsMember_2" />
    <link:label xlink:type="resource" xlink:label="label_TrackingBusinessIncomeOR" xml:lang="en" xlink:role="http://www.xbrl.org/2003/role/label" id="label_TrackingBusinessIncomeOR">Tracking business income</link:label>
    <link:labelArc xlink:type="arc" xlink:arcrole="http://www.xbrl.org/2003/arcrole/concept-label" xlink:from="TrackingBusinessIncomeOR" xlink:to="label_TrackingBusinessIncomeOR" />
    <link:label xlink:type="resource" xlink:label="label_TrackingBusinessIncomeOR_2" xml:lang="en" xlink:role="http://www.xbrl.org/2003/role/verboseLabel" id="label_TrackingBusinessIncomeOR_2">Tracking business income-OR</link:label>
    <link:labelArc xlink:type="arc" xlink:arcrole="http://www.xbrl.org/2003/arcrole/concept-label" xlink:from="TrackingBusinessIncomeOR" xlink:to="label_TrackingBusinessIncomeOR_2" />
    <link:label xlink:type="resource" xlink:label="label_CenterBusinessIncomeOR" xml:lang="en" xlink:role="http://www.xbrl.org/2003/role/label" id="label_CenterBusinessIncomeOR">Center business income</link:label>
    <link:labelArc xlink:type="arc" xlink:arcrole="http://www.xbrl.org/2003/arcrole/concept-label" xlink:from="CenterBusinessIncomeOR" xlink:to="label_CenterBusinessIncomeOR" />
    <link:label xlink:type="resource" xlink:label="label_CenterBusinessIncomeOR_2" xml:lang="en" xlink:role="http://www.xbrl.org/2003/role/verboseLabel" id="label_CenterBusinessIncomeOR_2">Center business income-OR</link:label>
    <link:labelArc xlink:type="arc" xlink:arcrole="http://www.xbrl.org/2003/arcrole/concept-label" xlink:from="CenterBusinessIncomeOR" xlink:to="label_CenterBusinessIncomeOR_2" />
    <link:label xlink:type="resource" xlink:label="label_AssetsBusinessIncomeOR" xml:lang="en" xlink:role="http://www.xbrl.org/2003/role/label" id="label_AssetsBusinessIncomeOR">Assets business income</link:label>
    <link:labelArc xlink:type="arc" xlink:arcrole="http://www.xbrl.org/2003/arcrole/concept-label" xlink:from="AssetsBusinessIncomeOR" xlink:to="label_AssetsBusinessIncomeOR" />
    <link:label xlink:type="resource" xlink:label="label_AssetsBusinessIncomeOR_2" xml:lang="en" xlink:role="http://www.xbrl.org/2003/role/verboseLabel" id="label_AssetsBusinessIncomeOR_2">Assets business income-OR</link:label>
    <link:labelArc xlink:type="arc" xlink:arcrole="http://www.xbrl.org/2003/arcrole/concept-label" xlink:from="AssetsBusinessIncomeOR" xlink:to="label_AssetsBusinessIncomeOR_2" />
    <link:label xlink:type="resource" xlink:label="label_OtherOperatingIncomeOR" xml:lang="en" xlink:role="http://www.xbrl.org/2003/role/label" id="label_OtherOperatingIncomeOR">Other operating income</link:label>
    <link:labelArc xlink:type="arc" xlink:arcrole="http://www.xbrl.org/2003/arcrole/concept-label" xlink:from="OtherOperatingIncomeOR" xlink:to="label_OtherOperatingIncomeOR" />
    <link:label xlink:type="resource" xlink:label="label_OtherOperatingIncomeOR_2" xml:lang="en" xlink:role="http://www.xbrl.org/2003/role/verboseLabel" id="label_OtherOperatingIncomeOR_2">Other operating income-OR</link:label>
    <link:labelArc xlink:type="arc" xlink:arcrole="http://www.xbrl.org/2003/arcrole/concept-label" xlink:from="OtherOperatingIncomeOR" xlink:to="label_OtherOperatingIncomeOR_2" />
    <link:label xlink:type="resource" xlink:label="label_RefundOfNonCurrentAssetsTaxesNOI" xml:lang="en" xlink:role="http://www.xbrl.org/2003/role/label" id="label_RefundOfNonCurrentAssetsTaxesNOI">Refund of non-current assets taxes</link:label>
    <link:labelArc xlink:type="arc" xlink:arcrole="http://www.xbrl.org/2003/arcrole/concept-label" xlink:from="RefundOfNonCurrentAssetsTaxesNOI" xlink:to="label_RefundOfNonCurrentAssetsTaxesNOI" />
    <link:label xlink:type="resource" xlink:label="label_RefundOfNonCurrentAssetsTaxesNOI_2" xml:lang="en" xlink:role="http://www.xbrl.org/2003/role/verboseLabel" id="label_RefundOfNonCurrentAssetsTaxesNOI_2">Refund of non-current assets taxes- NOI</link:label>
    <link:labelArc xlink:type="arc" xlink:arcrole="http://www.xbrl.org/2003/arcrole/concept-label" xlink:from="RefundOfNonCurrentAssetsTaxesNOI" xlink:to="label_RefundOfNonCurrentAssetsTaxesNOI_2" />
    <link:label xlink:type="resource" xlink:label="label_GainOnSaleOfBusinessesNOI" xml:lang="en" xlink:role="http://www.xbrl.org/2003/role/label" id="label_GainOnSaleOfBusinessesNOI">Gain on sale of businesses</link:label>
    <link:labelArc xlink:type="arc" xlink:arcrole="http://www.xbrl.org/2003/arcrole/concept-label" xlink:from="GainOnSaleOfBusinessesNOI" xlink:to="label_GainOnSaleOfBusinessesNOI" />
    <link:label xlink:type="resource" xlink:label="label_GainOnSaleOfBusinessesNOI_2" xml:lang="en" xlink:role="http://www.xbrl.org/2003/role/verboseLabel" id="label_GainOnSaleOfBusinessesNOI_2">Gain on sale of businesses -NOI</link:label>
    <link:labelArc xlink:type="arc" xlink:arcrole="http://www.xbrl.org/2003/arcrole/concept-label" xlink:from="GainOnSaleOfBusinessesNOI" xlink:to="label_GainOnSaleOfBusinessesNOI_2" />
    <link:label xlink:type="resource" xlink:label="label_BreakdownOfProvisionForBonusesSGA" xml:lang="en" xlink:role="http://www.xbrl.org/2003/role/label" id="label_BreakdownOfProvisionForBonusesSGA">Breakdown of provision for bonuses</link:label>
    <link:labelArc xlink:type="arc" xlink:arcrole="http://www.xbrl.org/2003/arcrole/concept-label" xlink:from="BreakdownOfProvisionForBonusesSGA" xlink:to="label_BreakdownOfProvisionForBonusesSGA" />
    <link:label xlink:type="resource" xlink:label="label_BreakdownOfProvisionForBonusesSGA_2" xml:lang="en" xlink:role="http://www.xbrl.org/2003/role/verboseLabel" id="label_BreakdownOfProvisionForBonusesSGA_2">Breakdown of provision for bonuses-SGA</link:label>
    <link:labelArc xlink:type="arc" xlink:arcrole="http://www.xbrl.org/2003/arcrole/concept-label" xlink:from="BreakdownOfProvisionForBonusesSGA" xlink:to="label_BreakdownOfProvisionForBonusesSGA_2" />
    <link:label xlink:type="resource" xlink:label="label_BreakdownOfProvisionForDirectorsRetirementBenefitsSGA" xml:lang="en" xlink:role="http://www.xbrl.org/2003/role/label" id="label_BreakdownOfProvisionForDirectorsRetirementBenefitsSGA">Breakdown of provision for directors' retirement benefits</link:label>
    <link:labelArc xlink:type="arc" xlink:arcrole="http://www.xbrl.org/2003/arcrole/concept-label" xlink:from="BreakdownOfProvisionForDirectorsRetirementBenefitsSGA" xlink:to="label_BreakdownOfProvisionForDirectorsRetirementBenefitsSGA" />
    <link:label xlink:type="resource" xlink:label="label_BreakdownOfProvisionForDirectorsRetirementBenefitsSGA_2" xml:lang="en" xlink:role="http://www.xbrl.org/2003/role/verboseLabel" id="label_BreakdownOfProvisionForDirectorsRetirementBenefitsSGA_2">Breakdown of provision for directors' retirement benefits-SGA</link:label>
    <link:labelArc xlink:type="arc" xlink:arcrole="http://www.xbrl.org/2003/arcrole/concept-label" xlink:from="BreakdownOfProvisionForDirectorsRetirementBenefitsSGA" xlink:to="label_BreakdownOfProvisionForDirectorsRetirementBenefitsSGA_2" />
    <link:label xlink:type="resource" xlink:label="label_BreakdownOfRetirementBenefitExpensesSGA" xml:lang="en" xlink:role="http://www.xbrl.org/2003/role/label" id="label_BreakdownOfRetirementBenefitExpensesSGA">Breakdown of retirement benefit expenses</link:label>
    <link:labelArc xlink:type="arc" xlink:arcrole="http://www.xbrl.org/2003/arcrole/concept-label" xlink:from="BreakdownOfRetirementBenefitExpensesSGA" xlink:to="label_BreakdownOfRetirementBenefitExpensesSGA" />
    <link:label xlink:type="resource" xlink:label="label_BreakdownOfRetirementBenefitExpensesSGA_2" xml:lang="en" xlink:role="http://www.xbrl.org/2003/role/verboseLabel" id="label_BreakdownOfRetirementBenefitExpensesSGA_2">Breakdown of retirement benefit expenses-SGA</link:label>
    <link:labelArc xlink:type="arc" xlink:arcrole="http://www.xbrl.org/2003/arcrole/concept-label" xlink:from="BreakdownOfRetirementBenefitExpensesSGA" xlink:to="label_BreakdownOfRetirementBenefitExpensesSGA_2" />
    <link:label xlink:type="resource" xlink:label="label_CompensationIncomeForDamageEI" xml:lang="en" xlink:role="http://www.xbrl.org/2003/role/label" id="label_CompensationIncomeForDamageEI">Compensation income for damage</link:label>
    <link:labelArc xlink:type="arc" xlink:arcrole="http://www.xbrl.org/2003/arcrole/concept-label" xlink:from="CompensationIncomeForDamageEI" xlink:to="label_CompensationIncomeForDamageEI" />
    <link:label xlink:type="resource" xlink:label="label_CompensationIncomeForDamageEI_2" xml:lang="en" xlink:role="http://www.xbrl.org/2003/role/verboseLabel" id="label_CompensationIncomeForDamageEI_2">Compensation income for damage-EI</link:label>
    <link:labelArc xlink:type="arc" xlink:arcrole="http://www.xbrl.org/2003/arcrole/concept-label" xlink:from="CompensationIncomeForDamageEI" xlink:to="label_CompensationIncomeForDamageEI_2" />
    <link:label xlink:type="resource" xlink:label="label_YokoyamaToshiakiMember" xml:lang="en" xlink:role="http://www.xbrl.org/2003/role/label" id="label_YokoyamaToshiakiMember">Yokoyama, Toshiaki</link:label>
    <link:labelArc xlink:type="arc" xlink:arcrole="http://www.xbrl.org/2003/arcrole/concept-label" xlink:from="YokoyamaToshiakiMember" xlink:to="label_YokoyamaToshiakiMember" />
    <link:label xlink:type="resource" xlink:label="label_YokoyamaToshiakiMember_2" xml:lang="en" xlink:role="http://www.xbrl.org/2003/role/verboseLabel" id="label_YokoyamaToshiakiMember_2">Yokoyama, Toshiaki [member]</link:label>
    <link:labelArc xlink:type="arc" xlink:arcrole="http://www.xbrl.org/2003/arcrole/concept-label" xlink:from="YokoyamaToshiakiMember" xlink:to="label_YokoyamaToshiakiMember_2" />
    <link:label xlink:type="resource" xlink:label="label_SuzukiYasuhisaMember" xml:lang="en" xlink:role="http://www.xbrl.org/2003/role/label" id="label_SuzukiYasuhisaMember">Suzuki, Yasuhisa</link:label>
    <link:labelArc xlink:type="arc" xlink:arcrole="http://www.xbrl.org/2003/arcrole/concept-label" xlink:from="SuzukiYasuhisaMember" xlink:to="label_SuzukiYasuhisaMember" />
    <link:label xlink:type="resource" xlink:label="label_SuzukiYasuhisaMember_2" xml:lang="en" xlink:role="http://www.xbrl.org/2003/role/verboseLabel" id="label_SuzukiYasuhisaMember_2">Suzuki, Yasuhisa [member]</link:label>
    <link:labelArc xlink:type="arc" xlink:arcrole="http://www.xbrl.org/2003/arcrole/concept-label" xlink:from="SuzukiYasuhisaMember" xlink:to="label_SuzukiYasuhisaMember_2" />
    <link:label xlink:type="resource" xlink:label="label_NakanisiHirotakeMember" xml:lang="en" xlink:role="http://www.xbrl.org/2003/role/verboseLabel" id="label_NakanisiHirotakeMember">Nakanisi, Hirotake[member]</link:label>
    <link:labelArc xlink:type="arc" xlink:arcrole="http://www.xbrl.org/2003/arcrole/concept-label" xlink:from="NakanisiHirotakeMember" xlink:to="label_NakanisiHirotakeMember" />
    <link:label xlink:type="resource" xlink:label="label_NakanisiHirotakeMember_2" xml:lang="en" xlink:role="http://www.xbrl.org/2003/role/label" id="label_NakanisiHirotakeMember_2">Nakanisi, Hirotake</link:label>
    <link:labelArc xlink:type="arc" xlink:arcrole="http://www.xbrl.org/2003/arcrole/concept-label" xlink:from="NakanisiHirotakeMember" xlink:to="label_NakanisiHirotakeMember_2" />
    <link:label xlink:type="resource" xlink:label="label_OguraAkioMember" xml:lang="en" xlink:role="http://www.xbrl.org/2003/role/verboseLabel" id="label_OguraAkioMember">Ogura, Akio [member]</link:label>
    <link:labelArc xlink:type="arc" xlink:arcrole="http://www.xbrl.org/2003/arcrole/concept-label" xlink:from="OguraAkioMember" xlink:to="label_OguraAkioMember" />
    <link:label xlink:type="resource" xlink:label="label_OguraAkioMember_2" xml:lang="en" xlink:role="http://www.xbrl.org/2003/role/label" id="label_OguraAkioMember_2">Ogura, Akio</link:label>
    <link:labelArc xlink:type="arc" xlink:arcrole="http://www.xbrl.org/2003/arcrole/concept-label" xlink:from="OguraAkioMember" xlink:to="label_OguraAkioMember_2" />
    <link:label xlink:type="resource" xlink:label="label_MiyamuraRyujiMember" xml:lang="en" xlink:role="http://www.xbrl.org/2003/role/verboseLabel" id="label_MiyamuraRyujiMember">Miyamura, Ryuji[member]</link:label>
    <link:labelArc xlink:type="arc" xlink:arcrole="http://www.xbrl.org/2003/arcrole/concept-label" xlink:from="MiyamuraRyujiMember" xlink:to="label_MiyamuraRyujiMember" />
    <link:label xlink:type="resource" xlink:label="label_MiyamuraRyujiMember_2" xml:lang="en" xlink:role="http://www.xbrl.org/2003/role/label" id="label_MiyamuraRyujiMember_2">Miyamura, Ryuji</link:label>
    <link:labelArc xlink:type="arc" xlink:arcrole="http://www.xbrl.org/2003/arcrole/concept-label" xlink:from="MiyamuraRyujiMember" xlink:to="label_MiyamuraRyujiMember_2" />
    <link:label xlink:type="resource" xlink:label="label_SasakiToshimasaMember" xml:lang="en" xlink:role="http://www.xbrl.org/2003/role/verboseLabel" id="label_SasakiToshimasaMember">Sasaki, Toshimasa [member]</link:label>
    <link:labelArc xlink:type="arc" xlink:arcrole="http://www.xbrl.org/2003/arcrole/concept-label" xlink:from="SasakiToshimasaMember" xlink:to="label_SasakiToshimasaMember" />
    <link:label xlink:type="resource" xlink:label="label_SasakiToshimasaMember_2" xml:lang="en" xlink:role="http://www.xbrl.org/2003/role/label" id="label_SasakiToshimasaMember_2">Sasaki, Toshimasa</link:label>
    <link:labelArc xlink:type="arc" xlink:arcrole="http://www.xbrl.org/2003/arcrole/concept-label" xlink:from="SasakiToshimasaMember" xlink:to="label_SasakiToshimasaMember_2" />
    <link:label xlink:type="resource" xlink:label="label_MatuuraKoujiMember" xml:lang="en" xlink:role="http://www.xbrl.org/2003/role/verboseLabel" id="label_MatuuraKoujiMember">Matuura, Kouji [member]</link:label>
    <link:labelArc xlink:type="arc" xlink:arcrole="http://www.xbrl.org/2003/arcrole/concept-label" xlink:from="MatuuraKoujiMember" xlink:to="label_MatuuraKoujiMember" />
    <link:label xlink:type="resource" xlink:label="label_MatuuraKoujiMember_2" xml:lang="en" xlink:role="http://www.xbrl.org/2003/role/label" id="label_MatuuraKoujiMember_2">Matuura, Kouji</link:label>
    <link:labelArc xlink:type="arc" xlink:arcrole="http://www.xbrl.org/2003/arcrole/concept-label" xlink:from="MatuuraKoujiMember" xlink:to="label_MatuuraKoujiMember_2" />
    <link:label xlink:type="resource" xlink:label="label_YodaToshikazuMember" xml:lang="en" xlink:role="http://www.xbrl.org/2003/role/label" id="label_YodaToshikazuMember">Yoda, Toshikazu</link:label>
    <link:labelArc xlink:type="arc" xlink:arcrole="http://www.xbrl.org/2003/arcrole/concept-label" xlink:from="YodaToshikazuMember" xlink:to="label_YodaToshikazuMember" />
    <link:label xlink:type="resource" xlink:label="label_YodaToshikazuMember_2" xml:lang="en" xlink:role="http://www.xbrl.org/2003/role/verboseLabel" id="label_YodaToshikazuMember_2">Yoda, Toshikazu [member]</link:label>
    <link:labelArc xlink:type="arc" xlink:arcrole="http://www.xbrl.org/2003/arcrole/concept-label" xlink:from="YodaToshikazuMember" xlink:to="label_YodaToshikazuMember_2" />
    <link:label xlink:type="resource" xlink:label="label_SaikiShuuichiMember" xml:lang="en" xlink:role="http://www.xbrl.org/2003/role/label" id="label_SaikiShuuichiMember">Saiki, Shuuichi</link:label>
    <link:labelArc xlink:type="arc" xlink:arcrole="http://www.xbrl.org/2003/arcrole/concept-label" xlink:from="SaikiShuuichiMember" xlink:to="label_SaikiShuuichiMember" />
    <link:label xlink:type="resource" xlink:label="label_SaikiShuuichiMember_2" xml:lang="en" xlink:role="http://www.xbrl.org/2003/role/verboseLabel" id="label_SaikiShuuichiMember_2">Saiki, Shuuichi [member]</link:label>
    <link:labelArc xlink:type="arc" xlink:arcrole="http://www.xbrl.org/2003/arcrole/concept-label" xlink:from="SaikiShuuichiMember" xlink:to="label_SaikiShuuichiMember_2" />
    <link:label xlink:type="resource" xlink:label="label_IinoTsuyoshiMember" xml:lang="en" xlink:role="http://www.xbrl.org/2003/role/label" id="label_IinoTsuyoshiMember">Iino, Tsuyoshi</link:label>
    <link:labelArc xlink:type="arc" xlink:arcrole="http://www.xbrl.org/2003/arcrole/concept-label" xlink:from="IinoTsuyoshiMember" xlink:to="label_IinoTsuyoshiMember" />
    <link:label xlink:type="resource" xlink:label="label_IinoTsuyoshiMember_2" xml:lang="en" xlink:role="http://www.xbrl.org/2003/role/verboseLabel" id="label_IinoTsuyoshiMember_2">Iino, Tsuyoshi [member]</link:label>
    <link:labelArc xlink:type="arc" xlink:arcrole="http://www.xbrl.org/2003/arcrole/concept-label" xlink:from="IinoTsuyoshiMember" xlink:to="label_IinoTsuyoshiMember_2" />
    <link:label xlink:type="resource" xlink:label="label_IijimaTakashiMember" xml:lang="en" xlink:role="http://www.xbrl.org/2003/role/verboseLabel" id="label_IijimaTakashiMember">Iijima, Takashi [member]</link:label>
    <link:labelArc xlink:type="arc" xlink:arcrole="http://www.xbrl.org/2003/arcrole/concept-label" xlink:from="IijimaTakashiMember" xlink:to="label_IijimaTakashiMember" />
    <link:label xlink:type="resource" xlink:label="label_IijimaTakashiMember_2" xml:lang="en" xlink:role="http://www.xbrl.org/2003/role/label" id="label_IijimaTakashiMember_2">Iijima, Takashi</link:label>
    <link:labelArc xlink:type="arc" xlink:arcrole="http://www.xbrl.org/2003/arcrole/concept-label" xlink:from="IijimaTakashiMember" xlink:to="label_IijimaTakashiMember_2" />
    <link:label xlink:type="resource" xlink:label="label_IshiiShinyaMember" xml:lang="en" xlink:role="http://www.xbrl.org/2003/role/verboseLabel" id="label_IshiiShinyaMember">Ishii, Shinya [member]</link:label>
    <link:labelArc xlink:type="arc" xlink:arcrole="http://www.xbrl.org/2003/arcrole/concept-label" xlink:from="IshiiShinyaMember" xlink:to="label_IshiiShinyaMember" />
    <link:label xlink:type="resource" xlink:label="label_IshiiShinyaMember_2" xml:lang="en" xlink:role="http://www.xbrl.org/2003/role/label" id="label_IshiiShinyaMember_2">Ishii, Shinya</link:label>
    <link:labelArc xlink:type="arc" xlink:arcrole="http://www.xbrl.org/2003/arcrole/concept-label" xlink:from="IshiiShinyaMember" xlink:to="label_IshiiShinyaMember_2" />
    <link:label xlink:type="resource" xlink:label="label_NakanishiShinjiroMember" xml:lang="en" xlink:role="http://www.xbrl.org/2003/role/verboseLabel" id="label_NakanishiShinjiroMember">Nakanishi, Shinjiro [member]</link:label>
    <link:labelArc xlink:type="arc" xlink:arcrole="http://www.xbrl.org/2003/arcrole/concept-label" xlink:from="NakanishiShinjiroMember" xlink:to="label_NakanishiShinjiroMember" />
    <link:label xlink:type="resource" xlink:label="label_NakanishiShinjiroMember_2" xml:lang="en" xlink:role="http://www.xbrl.org/2003/role/label" id="label_NakanishiShinjiroMember_2">Nakanishi, Shinjiro</link:label>
    <link:labelArc xlink:type="arc" xlink:arcrole="http://www.xbrl.org/2003/arcrole/concept-label" xlink:from="NakanishiShinjiroMember" xlink:to="label_NakanishiShinjiroMember_2" />
  </link:labelLink>
</link:linkbase>