<?xml version="1.0" encoding="utf-8"?>
<!-- Generated by PRONEXUS WORKS -->
<link:linkbase xmlns:link="http://www.xbrl.org/2003/linkbase" xmlns:xsi="http://www.w3.org/2001/XMLSchema-instance" xmlns:xbrli="http://www.xbrl.org/2003/instance" xmlns:xlink="http://www.w3.org/1999/xlink">
  <link:roleRef xlink:type="simple" roleURI="http://disclosure.edinet-fsa.go.jp/jppfs/NonConsolidated/role/label" xlink:href="http://disclosure.edinet-fsa.go.jp/taxonomy/jppfs/2020-11-01/jppfs_rt_2020-11-01.xsd#rol_NonConsolidatedLabel" />
  <link:roleRef xlink:type="simple" roleURI="http://disclosure.edinet-fsa.go.jp/jppfs/Consolidated/role/label" xlink:href="http://disclosure.edinet-fsa.go.jp/taxonomy/jppfs/2020-11-01/jppfs_rt_2020-11-01.xsd#rol_ConsolidatedLabel" />
  <link:labelLink xlink:type="extended" xlink:role="http://www.xbrl.org/2003/role/link">
    <link:loc xlink:type="locator" xlink:href="jpcrp030000-asr-001_E21955-000_2021-03-31_01_2021-06-30.xsd#jpcrp030000-asr_E21955-000_DecreaseIncreaseDueToPurchaseOfTreasurySharesFromConsolidatedSubsidiaries" xlink:label="DecreaseIncreaseDueToPurchaseOfTreasurySharesFromConsolidatedSubsidiaries" />
    <link:loc xlink:type="locator" xlink:href="jpcrp030000-asr-001_E21955-000_2021-03-31_01_2021-06-30.xsd#jpcrp030000-asr_E21955-000_ShigeoTakagiMember" xlink:label="ShigeoTakagiMember" />
    <link:loc xlink:type="locator" xlink:href="jpcrp030000-asr-001_E21955-000_2021-03-31_01_2021-06-30.xsd#jpcrp030000-asr_E21955-000_FukuchiKeikoMember" xlink:label="FukuchiKeikoMember" />
    <link:loc xlink:type="locator" xlink:href="jpcrp030000-asr-001_E21955-000_2021-03-31_01_2021-06-30.xsd#jpcrp030000-asr_E21955-000_SteelStructureReportableSegmentsMember" xlink:label="SteelStructureReportableSegmentsMember" />
    <link:loc xlink:type="locator" xlink:href="jpcrp030000-asr-001_E21955-000_2021-03-31_01_2021-06-30.xsd#jpcrp030000-asr_E21955-000_EngineeringReportableSegmentsMember" xlink:label="EngineeringReportableSegmentsMember" />
    <link:loc xlink:type="locator" xlink:href="jpcrp030000-asr-001_E21955-000_2021-03-31_01_2021-06-30.xsd#jpcrp030000-asr_E21955-000_ArchitectureReportableSegmentsMember" xlink:label="ArchitectureReportableSegmentsMember" />
    <link:loc xlink:type="locator" xlink:href="jpcrp030000-asr-001_E21955-000_2021-03-31_01_2021-06-30.xsd#jpcrp030000-asr_E21955-000_PayrollsWagesAndCompensationSGA" xlink:label="PayrollsWagesAndCompensationSGA" />
    <link:loc xlink:type="locator" xlink:href="http://disclosure.edinet-fsa.go.jp/taxonomy/jpcrp/2020-11-01/jpcrp_cor_2020-11-01.xsd#jpcrp_cor_NotesRegardingInventoriesTextBlock" xlink:label="NotesRegardingInventoriesTextBlock" />
    <link:loc xlink:type="locator" xlink:href="http://disclosure.edinet-fsa.go.jp/taxonomy/jpcrp/2020-11-01/jpcrp_cor_2020-11-01.xsd#jpcrp_cor_NotesRegardingPresentationOfInventoriesAndProvisionForLossOnConstructionContractsTextBlock" xlink:label="NotesRegardingPresentationOfInventoriesAndProvisionForLossOnConstructionContractsTextBlock" />
    <link:loc xlink:type="locator" xlink:href="http://disclosure.edinet-fsa.go.jp/taxonomy/jpcrp/2020-11-01/jpcrp_cor_2020-11-01.xsd#jpcrp_cor_NotesRegardingWriteDownsOfInventoriesTextBlock" xlink:label="NotesRegardingWriteDownsOfInventoriesTextBlock" />
    <link:loc xlink:type="locator" xlink:href="http://disclosure.edinet-fsa.go.jp/taxonomy/jpcrp/2020-11-01/jpcrp_cor_2020-11-01.xsd#jpcrp_cor_WriteDownsOfInventories" xlink:label="WriteDownsOfInventories" />
    <link:label xlink:type="resource" xlink:label="label_NotesRegardingInventoriesTextBlock" xml:lang="ja" xlink:role="http://disclosure.edinet-fsa.go.jp/jppfs/Consolidated/role/label" id="label_NotesRegardingInventoriesTextBlock">たな卸資産の内訳の注記</link:label>
    <link:labelArc xlink:type="arc" xlink:arcrole="http://www.xbrl.org/2003/arcrole/concept-label" xlink:from="NotesRegardingInventoriesTextBlock" xlink:to="label_NotesRegardingInventoriesTextBlock" />
    <link:label xlink:type="resource" xlink:label="label_NotesRegardingInventoriesTextBlock_2" xml:lang="ja" xlink:role="http://disclosure.edinet-fsa.go.jp/jppfs/NonConsolidated/role/label" id="label_NotesRegardingInventoriesTextBlock_2">たな卸資産の内訳の注記</link:label>
    <link:labelArc xlink:type="arc" xlink:arcrole="http://www.xbrl.org/2003/arcrole/concept-label" xlink:from="NotesRegardingInventoriesTextBlock" xlink:to="label_NotesRegardingInventoriesTextBlock_2" />
    <link:label xlink:type="resource" xlink:label="label_NotesRegardingPresentationOfInventoriesAndProvisionForLossOnConstructionContractsTextBlock" xml:lang="ja" xlink:role="http://disclosure.edinet-fsa.go.jp/jppfs/Consolidated/role/label" id="label_NotesRegardingPresentationOfInventoriesAndProvisionForLossOnConstructionContractsTextBlock">たな卸資産及び工事損失引当金の表示に関する注記</link:label>
    <link:labelArc xlink:type="arc" xlink:arcrole="http://www.xbrl.org/2003/arcrole/concept-label" xlink:from="NotesRegardingPresentationOfInventoriesAndProvisionForLossOnConstructionContractsTextBlock" xlink:to="label_NotesRegardingPresentationOfInventoriesAndProvisionForLossOnConstructionContractsTextBlock" />
    <link:label xlink:type="resource" xlink:label="label_NotesRegardingPresentationOfInventoriesAndProvisionForLossOnConstructionContractsTextBlock_2" xml:lang="ja" xlink:role="http://disclosure.edinet-fsa.go.jp/jppfs/NonConsolidated/role/label" id="label_NotesRegardingPresentationOfInventoriesAndProvisionForLossOnConstructionContractsTextBlock_2">たな卸資産及び工事損失引当金の表示に関する注記</link:label>
    <link:labelArc xlink:type="arc" xlink:arcrole="http://www.xbrl.org/2003/arcrole/concept-label" xlink:from="NotesRegardingPresentationOfInventoriesAndProvisionForLossOnConstructionContractsTextBlock" xlink:to="label_NotesRegardingPresentationOfInventoriesAndProvisionForLossOnConstructionContractsTextBlock_2" />
    <link:loc xlink:type="locator" xlink:href="http://disclosure.edinet-fsa.go.jp/taxonomy/jppfs/2020-11-01/jppfs_cor_2020-11-01.xsd#jppfs_cor_DecreaseIncreaseInInventoriesOpeCF" xlink:label="DecreaseIncreaseInInventoriesOpeCF" />
    <link:label xlink:type="resource" xlink:label="label_DecreaseIncreaseInInventoriesOpeCF" xml:lang="ja" xlink:role="http://disclosure.edinet-fsa.go.jp/jppfs/Consolidated/role/label" id="label_DecreaseIncreaseInInventoriesOpeCF">たな卸資産の増減額（△は増加）</link:label>
    <link:labelArc xlink:type="arc" xlink:arcrole="http://www.xbrl.org/2003/arcrole/concept-label" xlink:from="DecreaseIncreaseInInventoriesOpeCF" xlink:to="label_DecreaseIncreaseInInventoriesOpeCF" />
    <link:label xlink:type="resource" xlink:label="label_NotesRegardingWriteDownsOfInventoriesTextBlock" xml:lang="ja" xlink:role="http://disclosure.edinet-fsa.go.jp/jppfs/Consolidated/role/label" id="label_NotesRegardingWriteDownsOfInventoriesTextBlock">たな卸資産の帳簿価額の切下げに関する注記</link:label>
    <link:labelArc xlink:type="arc" xlink:arcrole="http://www.xbrl.org/2003/arcrole/concept-label" xlink:from="NotesRegardingWriteDownsOfInventoriesTextBlock" xlink:to="label_NotesRegardingWriteDownsOfInventoriesTextBlock" />
    <link:label xlink:type="resource" xlink:label="label_NotesRegardingWriteDownsOfInventoriesTextBlock_2" xml:lang="ja" xlink:role="http://disclosure.edinet-fsa.go.jp/jppfs/NonConsolidated/role/label" id="label_NotesRegardingWriteDownsOfInventoriesTextBlock_2">たな卸資産の帳簿価額の切下げに関する注記</link:label>
    <link:labelArc xlink:type="arc" xlink:arcrole="http://www.xbrl.org/2003/arcrole/concept-label" xlink:from="NotesRegardingWriteDownsOfInventoriesTextBlock" xlink:to="label_NotesRegardingWriteDownsOfInventoriesTextBlock_2" />
    <link:label xlink:type="resource" xlink:label="label_WriteDownsOfInventories" xml:lang="ja" xlink:role="http://disclosure.edinet-fsa.go.jp/jppfs/Consolidated/role/label" id="label_WriteDownsOfInventories">たな卸資産帳簿価額切下額</link:label>
    <link:labelArc xlink:type="arc" xlink:arcrole="http://www.xbrl.org/2003/arcrole/concept-label" xlink:from="WriteDownsOfInventories" xlink:to="label_WriteDownsOfInventories" />
    <link:label xlink:type="resource" xlink:label="label_WriteDownsOfInventories_2" xml:lang="ja" xlink:role="http://disclosure.edinet-fsa.go.jp/jppfs/NonConsolidated/role/label" id="label_WriteDownsOfInventories_2">たな卸資産帳簿価額切下額</link:label>
    <link:labelArc xlink:type="arc" xlink:arcrole="http://www.xbrl.org/2003/arcrole/concept-label" xlink:from="WriteDownsOfInventories" xlink:to="label_WriteDownsOfInventories_2" />
    <link:loc xlink:type="locator" xlink:href="jpcrp030000-asr-001_E21955-000_2021-03-31_01_2021-06-30.xsd#jpcrp030000-asr_E21955-000_NonMonetaryRemunerationRemunerationByCategoryOfDirectorsAndOtherOfficers" xlink:label="NonMonetaryRemunerationRemunerationByCategoryOfDirectorsAndOtherOfficers" />
    <link:loc xlink:type="locator" xlink:href="http://disclosure.edinet-fsa.go.jp/taxonomy/jppfs/2020-11-01/jppfs_cor_2020-11-01.xsd#jppfs_cor_OtherInventories" xlink:label="OtherInventories" />
    <link:label xlink:type="resource" xlink:label="label_OtherInventories" xml:lang="ja" xlink:role="http://disclosure.edinet-fsa.go.jp/jppfs/Consolidated/role/label" id="label_OtherInventories">その他のたな卸資産</link:label>
    <link:labelArc xlink:type="arc" xlink:arcrole="http://www.xbrl.org/2003/arcrole/concept-label" xlink:from="OtherInventories" xlink:to="label_OtherInventories" />
    <link:loc xlink:type="locator" xlink:href="jpcrp030000-asr-001_E21955-000_2021-03-31_01_2021-06-30.xsd#jpcrp030000-asr_E21955-000_KawadaTadahiroMember" xlink:label="KawadaTadahiroMember" />
    <link:loc xlink:type="locator" xlink:href="jpcrp030000-asr-001_E21955-000_2021-03-31_01_2021-06-30.xsd#jpcrp030000-asr_E21955-000_WatanabeSatoruMember" xlink:label="WatanabeSatoruMember" />
    <link:loc xlink:type="locator" xlink:href="jpcrp030000-asr-001_E21955-000_2021-03-31_01_2021-06-30.xsd#jpcrp030000-asr_E21955-000_KawadaTakuyaMember" xlink:label="KawadaTakuyaMember" />
    <link:loc xlink:type="locator" xlink:href="jpcrp030000-asr-001_E21955-000_2021-03-31_01_2021-06-30.xsd#jpcrp030000-asr_E21955-000_MiyataKensakuMember" xlink:label="MiyataKensakuMember" />
    <link:loc xlink:type="locator" xlink:href="jpcrp030000-asr-001_E21955-000_2021-03-31_01_2021-06-30.xsd#jpcrp030000-asr_E21955-000_YamakawaTakahisaMember" xlink:label="YamakawaTakahisaMember" />
    <link:loc xlink:type="locator" xlink:href="jpcrp030000-asr-001_E21955-000_2021-03-31_01_2021-06-30.xsd#jpcrp030000-asr_E21955-000_TakakuwaKoichiMember" xlink:label="TakakuwaKoichiMember" />
    <link:loc xlink:type="locator" xlink:href="jpcrp030000-asr-001_E21955-000_2021-03-31_01_2021-06-30.xsd#jpcrp030000-asr_E21955-000_ItoShinsukeMember" xlink:label="ItoShinsukeMember" />
    <link:label xlink:type="resource" xlink:label="label_DecreaseIncreaseDueToPurchaseOfTreasurySharesFromConsolidatedSubsidiaries" xml:lang="ja" xlink:role="http://www.xbrl.org/2003/role/label" id="label_DecreaseIncreaseDueToPurchaseOfTreasurySharesFromConsolidatedSubsidiaries">連結子会社からの自己株式の取得による剰余金の増減</link:label>
    <link:labelArc xlink:type="arc" xlink:arcrole="http://www.xbrl.org/2003/arcrole/concept-label" xlink:from="DecreaseIncreaseDueToPurchaseOfTreasurySharesFromConsolidatedSubsidiaries" xlink:to="label_DecreaseIncreaseDueToPurchaseOfTreasurySharesFromConsolidatedSubsidiaries" />
    <link:label xlink:type="resource" xlink:label="label_DecreaseIncreaseDueToPurchaseOfTreasurySharesFromConsolidatedSubsidiaries_2" xml:lang="ja" xlink:role="http://www.xbrl.org/2003/role/verboseLabel" id="label_DecreaseIncreaseDueToPurchaseOfTreasurySharesFromConsolidatedSubsidiaries_2">連結子会社からの自己株式の取得による剰余金の増減</link:label>
    <link:labelArc xlink:type="arc" xlink:arcrole="http://www.xbrl.org/2003/arcrole/concept-label" xlink:from="DecreaseIncreaseDueToPurchaseOfTreasurySharesFromConsolidatedSubsidiaries" xlink:to="label_DecreaseIncreaseDueToPurchaseOfTreasurySharesFromConsolidatedSubsidiaries_2" />
    <link:label xlink:type="resource" xlink:label="label_PayrollsWagesAndCompensationSGA" xml:lang="ja" xlink:role="http://www.xbrl.org/2003/role/label" id="label_PayrollsWagesAndCompensationSGA">給与賃金賞与</link:label>
    <link:labelArc xlink:type="arc" xlink:arcrole="http://www.xbrl.org/2003/arcrole/concept-label" xlink:from="PayrollsWagesAndCompensationSGA" xlink:to="label_PayrollsWagesAndCompensationSGA" />
    <link:label xlink:type="resource" xlink:label="label_PayrollsWagesAndCompensationSGA_2" xml:lang="ja" xlink:role="http://www.xbrl.org/2003/role/verboseLabel" id="label_PayrollsWagesAndCompensationSGA_2">給与賃金賞与、販売費及び一般管理費</link:label>
    <link:labelArc xlink:type="arc" xlink:arcrole="http://www.xbrl.org/2003/arcrole/concept-label" xlink:from="PayrollsWagesAndCompensationSGA" xlink:to="label_PayrollsWagesAndCompensationSGA_2" />
    <link:label xlink:type="resource" xlink:label="label_SteelStructureReportableSegmentsMember" xml:lang="ja" xlink:role="http://www.xbrl.org/2003/role/label" id="label_SteelStructureReportableSegmentsMember">鉄構</link:label>
    <link:labelArc xlink:type="arc" xlink:arcrole="http://www.xbrl.org/2003/arcrole/concept-label" xlink:from="SteelStructureReportableSegmentsMember" xlink:to="label_SteelStructureReportableSegmentsMember" />
    <link:label xlink:type="resource" xlink:label="label_SteelStructureReportableSegmentsMember_2" xml:lang="ja" xlink:role="http://www.xbrl.org/2003/role/verboseLabel" id="label_SteelStructureReportableSegmentsMember_2">鉄構、報告セグメント [メンバー]</link:label>
    <link:labelArc xlink:type="arc" xlink:arcrole="http://www.xbrl.org/2003/arcrole/concept-label" xlink:from="SteelStructureReportableSegmentsMember" xlink:to="label_SteelStructureReportableSegmentsMember_2" />
    <link:label xlink:type="resource" xlink:label="label_EngineeringReportableSegmentsMember" xml:lang="ja" xlink:role="http://www.xbrl.org/2003/role/label" id="label_EngineeringReportableSegmentsMember">土木</link:label>
    <link:labelArc xlink:type="arc" xlink:arcrole="http://www.xbrl.org/2003/arcrole/concept-label" xlink:from="EngineeringReportableSegmentsMember" xlink:to="label_EngineeringReportableSegmentsMember" />
    <link:label xlink:type="resource" xlink:label="label_EngineeringReportableSegmentsMember_2" xml:lang="ja" xlink:role="http://www.xbrl.org/2003/role/verboseLabel" id="label_EngineeringReportableSegmentsMember_2">土木、報告セグメント [メンバー]</link:label>
    <link:labelArc xlink:type="arc" xlink:arcrole="http://www.xbrl.org/2003/arcrole/concept-label" xlink:from="EngineeringReportableSegmentsMember" xlink:to="label_EngineeringReportableSegmentsMember_2" />
    <link:label xlink:type="resource" xlink:label="label_ArchitectureReportableSegmentsMember" xml:lang="ja" xlink:role="http://www.xbrl.org/2003/role/label" id="label_ArchitectureReportableSegmentsMember">建築</link:label>
    <link:labelArc xlink:type="arc" xlink:arcrole="http://www.xbrl.org/2003/arcrole/concept-label" xlink:from="ArchitectureReportableSegmentsMember" xlink:to="label_ArchitectureReportableSegmentsMember" />
    <link:label xlink:type="resource" xlink:label="label_ArchitectureReportableSegmentsMember_2" xml:lang="ja" xlink:role="http://www.xbrl.org/2003/role/verboseLabel" id="label_ArchitectureReportableSegmentsMember_2">建築、報告セグメント [メンバー]</link:label>
    <link:labelArc xlink:type="arc" xlink:arcrole="http://www.xbrl.org/2003/arcrole/concept-label" xlink:from="ArchitectureReportableSegmentsMember" xlink:to="label_ArchitectureReportableSegmentsMember_2" />
    <link:label xlink:type="resource" xlink:label="label_KawadaTadahiroMember" xml:lang="ja" xlink:role="http://www.xbrl.org/2003/role/verboseLabel" id="label_KawadaTadahiroMember">川田　忠裕[メンバー]</link:label>
    <link:labelArc xlink:type="arc" xlink:arcrole="http://www.xbrl.org/2003/arcrole/concept-label" xlink:from="KawadaTadahiroMember" xlink:to="label_KawadaTadahiroMember" />
    <link:label xlink:type="resource" xlink:label="label_KawadaTadahiroMember_2" xml:lang="ja" xlink:role="http://www.xbrl.org/2003/role/label" id="label_KawadaTadahiroMember_2">川田　忠裕</link:label>
    <link:labelArc xlink:type="arc" xlink:arcrole="http://www.xbrl.org/2003/arcrole/concept-label" xlink:from="KawadaTadahiroMember" xlink:to="label_KawadaTadahiroMember_2" />
    <link:label xlink:type="resource" xlink:label="label_WatanabeSatoruMember" xml:lang="ja" xlink:role="http://www.xbrl.org/2003/role/verboseLabel" id="label_WatanabeSatoruMember">渡邉　敏[メンバー]</link:label>
    <link:labelArc xlink:type="arc" xlink:arcrole="http://www.xbrl.org/2003/arcrole/concept-label" xlink:from="WatanabeSatoruMember" xlink:to="label_WatanabeSatoruMember" />
    <link:label xlink:type="resource" xlink:label="label_WatanabeSatoruMember_2" xml:lang="ja" xlink:role="http://www.xbrl.org/2003/role/label" id="label_WatanabeSatoruMember_2">渡邉　敏</link:label>
    <link:labelArc xlink:type="arc" xlink:arcrole="http://www.xbrl.org/2003/arcrole/concept-label" xlink:from="WatanabeSatoruMember" xlink:to="label_WatanabeSatoruMember_2" />
    <link:label xlink:type="resource" xlink:label="label_KawadaTakuyaMember" xml:lang="ja" xlink:role="http://www.xbrl.org/2003/role/verboseLabel" id="label_KawadaTakuyaMember">川田　琢哉 [メンバー]</link:label>
    <link:labelArc xlink:type="arc" xlink:arcrole="http://www.xbrl.org/2003/arcrole/concept-label" xlink:from="KawadaTakuyaMember" xlink:to="label_KawadaTakuyaMember" />
    <link:label xlink:type="resource" xlink:label="label_KawadaTakuyaMember_2" xml:lang="ja" xlink:role="http://www.xbrl.org/2003/role/label" id="label_KawadaTakuyaMember_2">川田　琢哉</link:label>
    <link:labelArc xlink:type="arc" xlink:arcrole="http://www.xbrl.org/2003/arcrole/concept-label" xlink:from="KawadaTakuyaMember" xlink:to="label_KawadaTakuyaMember_2" />
    <link:label xlink:type="resource" xlink:label="label_MiyataKensakuMember" xml:lang="ja" xlink:role="http://www.xbrl.org/2003/role/label" id="label_MiyataKensakuMember">宮田　謙作</link:label>
    <link:labelArc xlink:type="arc" xlink:arcrole="http://www.xbrl.org/2003/arcrole/concept-label" xlink:from="MiyataKensakuMember" xlink:to="label_MiyataKensakuMember" />
    <link:label xlink:type="resource" xlink:label="label_MiyataKensakuMember_2" xml:lang="ja" xlink:role="http://www.xbrl.org/2003/role/verboseLabel" id="label_MiyataKensakuMember_2">宮田　謙作 [メンバー]</link:label>
    <link:labelArc xlink:type="arc" xlink:arcrole="http://www.xbrl.org/2003/arcrole/concept-label" xlink:from="MiyataKensakuMember" xlink:to="label_MiyataKensakuMember_2" />
    <link:label xlink:type="resource" xlink:label="label_YamakawaTakahisaMember" xml:lang="ja" xlink:role="http://www.xbrl.org/2003/role/verboseLabel" id="label_YamakawaTakahisaMember">山川　隆久[メンバー]</link:label>
    <link:labelArc xlink:type="arc" xlink:arcrole="http://www.xbrl.org/2003/arcrole/concept-label" xlink:from="YamakawaTakahisaMember" xlink:to="label_YamakawaTakahisaMember" />
    <link:label xlink:type="resource" xlink:label="label_YamakawaTakahisaMember_2" xml:lang="ja" xlink:role="http://www.xbrl.org/2003/role/label" id="label_YamakawaTakahisaMember_2">山川　隆久</link:label>
    <link:labelArc xlink:type="arc" xlink:arcrole="http://www.xbrl.org/2003/arcrole/concept-label" xlink:from="YamakawaTakahisaMember" xlink:to="label_YamakawaTakahisaMember_2" />
    <link:label xlink:type="resource" xlink:label="label_TakakuwaKoichiMember" xml:lang="ja" xlink:role="http://www.xbrl.org/2003/role/verboseLabel" id="label_TakakuwaKoichiMember">高桑　幸一[メンバー]</link:label>
    <link:labelArc xlink:type="arc" xlink:arcrole="http://www.xbrl.org/2003/arcrole/concept-label" xlink:from="TakakuwaKoichiMember" xlink:to="label_TakakuwaKoichiMember" />
    <link:label xlink:type="resource" xlink:label="label_TakakuwaKoichiMember_2" xml:lang="ja" xlink:role="http://www.xbrl.org/2003/role/label" id="label_TakakuwaKoichiMember_2">高桑　幸一</link:label>
    <link:labelArc xlink:type="arc" xlink:arcrole="http://www.xbrl.org/2003/arcrole/concept-label" xlink:from="TakakuwaKoichiMember" xlink:to="label_TakakuwaKoichiMember_2" />
    <link:label xlink:type="resource" xlink:label="label_ItoShinsukeMember" xml:lang="ja" xlink:role="http://www.xbrl.org/2003/role/verboseLabel" id="label_ItoShinsukeMember">井藤　晋介[メンバー]</link:label>
    <link:labelArc xlink:type="arc" xlink:arcrole="http://www.xbrl.org/2003/arcrole/concept-label" xlink:from="ItoShinsukeMember" xlink:to="label_ItoShinsukeMember" />
    <link:label xlink:type="resource" xlink:label="label_ItoShinsukeMember_2" xml:lang="ja" xlink:role="http://www.xbrl.org/2003/role/label" id="label_ItoShinsukeMember_2">井藤　晋介</link:label>
    <link:labelArc xlink:type="arc" xlink:arcrole="http://www.xbrl.org/2003/arcrole/concept-label" xlink:from="ItoShinsukeMember" xlink:to="label_ItoShinsukeMember_2" />
    <link:label xlink:type="resource" xlink:label="label_ShigeoTakagiMember" xml:lang="ja" xlink:role="http://www.xbrl.org/2003/role/verboseLabel" id="label_ShigeoTakagiMember">髙木　繁雄[メンバー]</link:label>
    <link:labelArc xlink:type="arc" xlink:arcrole="http://www.xbrl.org/2003/arcrole/concept-label" xlink:from="ShigeoTakagiMember" xlink:to="label_ShigeoTakagiMember" />
    <link:label xlink:type="resource" xlink:label="label_ShigeoTakagiMember_2" xml:lang="ja" xlink:role="http://www.xbrl.org/2003/role/label" id="label_ShigeoTakagiMember_2">髙木　繁雄</link:label>
    <link:labelArc xlink:type="arc" xlink:arcrole="http://www.xbrl.org/2003/arcrole/concept-label" xlink:from="ShigeoTakagiMember" xlink:to="label_ShigeoTakagiMember_2" />
    <link:label xlink:type="resource" xlink:label="label_FukuchiKeikoMember" xml:lang="ja" xlink:role="http://www.xbrl.org/2003/role/label" id="label_FukuchiKeikoMember">福地　啓子</link:label>
    <link:labelArc xlink:type="arc" xlink:arcrole="http://www.xbrl.org/2003/arcrole/concept-label" xlink:from="FukuchiKeikoMember" xlink:to="label_FukuchiKeikoMember" />
    <link:label xlink:type="resource" xlink:label="label_FukuchiKeikoMember_2" xml:lang="ja" xlink:role="http://www.xbrl.org/2003/role/verboseLabel" id="label_FukuchiKeikoMember_2">福地　啓子[メンバー]</link:label>
    <link:labelArc xlink:type="arc" xlink:arcrole="http://www.xbrl.org/2003/arcrole/concept-label" xlink:from="FukuchiKeikoMember" xlink:to="label_FukuchiKeikoMember_2" />
    <link:label xlink:type="resource" xlink:label="label_NonMonetaryRemunerationRemunerationByCategoryOfDirectorsAndOtherOfficers" xml:lang="ja" xlink:role="http://www.xbrl.org/2003/role/label" id="label_NonMonetaryRemunerationRemunerationByCategoryOfDirectorsAndOtherOfficers">非金銭報酬等</link:label>
    <link:labelArc xlink:type="arc" xlink:arcrole="http://www.xbrl.org/2003/arcrole/concept-label" xlink:from="NonMonetaryRemunerationRemunerationByCategoryOfDirectorsAndOtherOfficers" xlink:to="label_NonMonetaryRemunerationRemunerationByCategoryOfDirectorsAndOtherOfficers" />
    <link:label xlink:type="resource" xlink:label="label_NonMonetaryRemunerationRemunerationByCategoryOfDirectorsAndOtherOfficers_2" xml:lang="ja" xlink:role="http://www.xbrl.org/2003/role/verboseLabel" id="label_NonMonetaryRemunerationRemunerationByCategoryOfDirectorsAndOtherOfficers_2">非金銭報酬等、役員区分ごとの報酬等</link:label>
    <link:labelArc xlink:type="arc" xlink:arcrole="http://www.xbrl.org/2003/arcrole/concept-label" xlink:from="NonMonetaryRemunerationRemunerationByCategoryOfDirectorsAndOtherOfficers" xlink:to="label_NonMonetaryRemunerationRemunerationByCategoryOfDirectorsAndOtherOfficers_2" />
  </link:labelLink>
</link:linkbase>