<?xml version="1.0" encoding="utf-8"?>
<!-- Generated by PRONEXUS WORKS -->
<link:linkbase xmlns:link="http://www.xbrl.org/2003/linkbase" xmlns:xsi="http://www.w3.org/2001/XMLSchema-instance" xmlns:xbrli="http://www.xbrl.org/2003/instance" xmlns:xlink="http://www.w3.org/1999/xlink">
  <link:roleRef xlink:type="simple" roleURI="http://disclosure.edinet-fsa.go.jp/jppfs/NonConsolidated/role/label" xlink:href="http://disclosure.edinet-fsa.go.jp/taxonomy/jppfs/2020-11-01/jppfs_rt_2020-11-01.xsd#rol_NonConsolidatedLabel" />
  <link:roleRef xlink:type="simple" roleURI="http://disclosure.edinet-fsa.go.jp/jppfs/Consolidated/role/label" xlink:href="http://disclosure.edinet-fsa.go.jp/taxonomy/jppfs/2020-11-01/jppfs_rt_2020-11-01.xsd#rol_ConsolidatedLabel" />
  <link:labelLink xlink:type="extended" xlink:role="http://www.xbrl.org/2003/role/link">
    <link:loc xlink:type="locator" xlink:href="jpcrp030000-asr-001_E21955-000_2021-03-31_01_2021-06-30.xsd#jpcrp030000-asr_E21955-000_DecreaseIncreaseDueToPurchaseOfTreasurySharesFromConsolidatedSubsidiaries" xlink:label="DecreaseIncreaseDueToPurchaseOfTreasurySharesFromConsolidatedSubsidiaries" />
    <link:loc xlink:type="locator" xlink:href="jpcrp030000-asr-001_E21955-000_2021-03-31_01_2021-06-30.xsd#jpcrp030000-asr_E21955-000_ShigeoTakagiMember" xlink:label="ShigeoTakagiMember" />
    <link:loc xlink:type="locator" xlink:href="jpcrp030000-asr-001_E21955-000_2021-03-31_01_2021-06-30.xsd#jpcrp030000-asr_E21955-000_FukuchiKeikoMember" xlink:label="FukuchiKeikoMember" />
    <link:loc xlink:type="locator" xlink:href="jpcrp030000-asr-001_E21955-000_2021-03-31_01_2021-06-30.xsd#jpcrp030000-asr_E21955-000_SteelStructureReportableSegmentsMember" xlink:label="SteelStructureReportableSegmentsMember" />
    <link:loc xlink:type="locator" xlink:href="jpcrp030000-asr-001_E21955-000_2021-03-31_01_2021-06-30.xsd#jpcrp030000-asr_E21955-000_EngineeringReportableSegmentsMember" xlink:label="EngineeringReportableSegmentsMember" />
    <link:loc xlink:type="locator" xlink:href="jpcrp030000-asr-001_E21955-000_2021-03-31_01_2021-06-30.xsd#jpcrp030000-asr_E21955-000_ArchitectureReportableSegmentsMember" xlink:label="ArchitectureReportableSegmentsMember" />
    <link:loc xlink:type="locator" xlink:href="jpcrp030000-asr-001_E21955-000_2021-03-31_01_2021-06-30.xsd#jpcrp030000-asr_E21955-000_PayrollsWagesAndCompensationSGA" xlink:label="PayrollsWagesAndCompensationSGA" />
    <link:loc xlink:type="locator" xlink:href="http://disclosure.edinet-fsa.go.jp/taxonomy/jpcrp/2020-11-01/jpcrp_cor_2020-11-01.xsd#jpcrp_cor_NotesRegardingInventoriesTextBlock" xlink:label="NotesRegardingInventoriesTextBlock" />
    <link:loc xlink:type="locator" xlink:href="http://disclosure.edinet-fsa.go.jp/taxonomy/jpcrp/2020-11-01/jpcrp_cor_2020-11-01.xsd#jpcrp_cor_NotesRegardingPresentationOfInventoriesAndProvisionForLossOnConstructionContractsTextBlock" xlink:label="NotesRegardingPresentationOfInventoriesAndProvisionForLossOnConstructionContractsTextBlock" />
    <link:loc xlink:type="locator" xlink:href="http://disclosure.edinet-fsa.go.jp/taxonomy/jpcrp/2020-11-01/jpcrp_cor_2020-11-01.xsd#jpcrp_cor_NotesRegardingWriteDownsOfInventoriesTextBlock" xlink:label="NotesRegardingWriteDownsOfInventoriesTextBlock" />
    <link:loc xlink:type="locator" xlink:href="http://disclosure.edinet-fsa.go.jp/taxonomy/jpcrp/2020-11-01/jpcrp_cor_2020-11-01.xsd#jpcrp_cor_WriteDownsOfInventories" xlink:label="WriteDownsOfInventories" />
    <link:label xlink:type="resource" xlink:label="label_NotesRegardingInventoriesTextBlock" xml:lang="en" xlink:role="http://disclosure.edinet-fsa.go.jp/jppfs/Consolidated/role/label" id="label_NotesRegardingInventoriesTextBlock">Notes regarding components of inventories</link:label>
    <link:labelArc xlink:type="arc" xlink:arcrole="http://www.xbrl.org/2003/arcrole/concept-label" xlink:from="NotesRegardingInventoriesTextBlock" xlink:to="label_NotesRegardingInventoriesTextBlock" />
    <link:label xlink:type="resource" xlink:label="label_NotesRegardingInventoriesTextBlock_2" xml:lang="en" xlink:role="http://disclosure.edinet-fsa.go.jp/jppfs/NonConsolidated/role/label" id="label_NotesRegardingInventoriesTextBlock_2">Notes regarding components of inventories</link:label>
    <link:labelArc xlink:type="arc" xlink:arcrole="http://www.xbrl.org/2003/arcrole/concept-label" xlink:from="NotesRegardingInventoriesTextBlock" xlink:to="label_NotesRegardingInventoriesTextBlock_2" />
    <link:label xlink:type="resource" xlink:label="label_NotesRegardingPresentationOfInventoriesAndProvisionForLossOnConstructionContractsTextBlock" xml:lang="en" xlink:role="http://disclosure.edinet-fsa.go.jp/jppfs/Consolidated/role/label" id="label_NotesRegardingPresentationOfInventoriesAndProvisionForLossOnConstructionContractsTextBlock">Notes regarding presentation of inventories and provision for loss on construction contracts</link:label>
    <link:labelArc xlink:type="arc" xlink:arcrole="http://www.xbrl.org/2003/arcrole/concept-label" xlink:from="NotesRegardingPresentationOfInventoriesAndProvisionForLossOnConstructionContractsTextBlock" xlink:to="label_NotesRegardingPresentationOfInventoriesAndProvisionForLossOnConstructionContractsTextBlock" />
    <link:label xlink:type="resource" xlink:label="label_NotesRegardingPresentationOfInventoriesAndProvisionForLossOnConstructionContractsTextBlock_2" xml:lang="en" xlink:role="http://disclosure.edinet-fsa.go.jp/jppfs/NonConsolidated/role/label" id="label_NotesRegardingPresentationOfInventoriesAndProvisionForLossOnConstructionContractsTextBlock_2">Notes regarding presentation of inventories and provision for loss on construction contracts</link:label>
    <link:labelArc xlink:type="arc" xlink:arcrole="http://www.xbrl.org/2003/arcrole/concept-label" xlink:from="NotesRegardingPresentationOfInventoriesAndProvisionForLossOnConstructionContractsTextBlock" xlink:to="label_NotesRegardingPresentationOfInventoriesAndProvisionForLossOnConstructionContractsTextBlock_2" />
    <link:loc xlink:type="locator" xlink:href="http://disclosure.edinet-fsa.go.jp/taxonomy/jppfs/2020-11-01/jppfs_cor_2020-11-01.xsd#jppfs_cor_DecreaseIncreaseInInventoriesOpeCF" xlink:label="DecreaseIncreaseInInventoriesOpeCF" />
    <link:label xlink:type="resource" xlink:label="label_DecreaseIncreaseInInventoriesOpeCF" xml:lang="en" xlink:role="http://disclosure.edinet-fsa.go.jp/jppfs/Consolidated/role/label" id="label_DecreaseIncreaseInInventoriesOpeCF">Decrease (increase) in inventories</link:label>
    <link:labelArc xlink:type="arc" xlink:arcrole="http://www.xbrl.org/2003/arcrole/concept-label" xlink:from="DecreaseIncreaseInInventoriesOpeCF" xlink:to="label_DecreaseIncreaseInInventoriesOpeCF" />
    <link:label xlink:type="resource" xlink:label="label_NotesRegardingWriteDownsOfInventoriesTextBlock" xml:lang="en" xlink:role="http://disclosure.edinet-fsa.go.jp/jppfs/Consolidated/role/label" id="label_NotesRegardingWriteDownsOfInventoriesTextBlock">Notes regarding write-downs of inventories</link:label>
    <link:labelArc xlink:type="arc" xlink:arcrole="http://www.xbrl.org/2003/arcrole/concept-label" xlink:from="NotesRegardingWriteDownsOfInventoriesTextBlock" xlink:to="label_NotesRegardingWriteDownsOfInventoriesTextBlock" />
    <link:label xlink:type="resource" xlink:label="label_NotesRegardingWriteDownsOfInventoriesTextBlock_2" xml:lang="en" xlink:role="http://disclosure.edinet-fsa.go.jp/jppfs/NonConsolidated/role/label" id="label_NotesRegardingWriteDownsOfInventoriesTextBlock_2">Notes regarding write-downs of inventories</link:label>
    <link:labelArc xlink:type="arc" xlink:arcrole="http://www.xbrl.org/2003/arcrole/concept-label" xlink:from="NotesRegardingWriteDownsOfInventoriesTextBlock" xlink:to="label_NotesRegardingWriteDownsOfInventoriesTextBlock_2" />
    <link:label xlink:type="resource" xlink:label="label_WriteDownsOfInventories" xml:lang="en" xlink:role="http://disclosure.edinet-fsa.go.jp/jppfs/Consolidated/role/label" id="label_WriteDownsOfInventories">Write-downs of inventories</link:label>
    <link:labelArc xlink:type="arc" xlink:arcrole="http://www.xbrl.org/2003/arcrole/concept-label" xlink:from="WriteDownsOfInventories" xlink:to="label_WriteDownsOfInventories" />
    <link:label xlink:type="resource" xlink:label="label_WriteDownsOfInventories_2" xml:lang="en" xlink:role="http://disclosure.edinet-fsa.go.jp/jppfs/NonConsolidated/role/label" id="label_WriteDownsOfInventories_2">Write-downs of inventories</link:label>
    <link:labelArc xlink:type="arc" xlink:arcrole="http://www.xbrl.org/2003/arcrole/concept-label" xlink:from="WriteDownsOfInventories" xlink:to="label_WriteDownsOfInventories_2" />
    <link:loc xlink:type="locator" xlink:href="jpcrp030000-asr-001_E21955-000_2021-03-31_01_2021-06-30.xsd#jpcrp030000-asr_E21955-000_NonMonetaryRemunerationRemunerationByCategoryOfDirectorsAndOtherOfficers" xlink:label="NonMonetaryRemunerationRemunerationByCategoryOfDirectorsAndOtherOfficers" />
    <link:loc xlink:type="locator" xlink:href="http://disclosure.edinet-fsa.go.jp/taxonomy/jppfs/2020-11-01/jppfs_cor_2020-11-01.xsd#jppfs_cor_OtherInventories" xlink:label="OtherInventories" />
    <link:label xlink:type="resource" xlink:label="label_OtherInventories" xml:lang="en" xlink:role="http://disclosure.edinet-fsa.go.jp/jppfs/Consolidated/role/label" id="label_OtherInventories">Other inventories</link:label>
    <link:labelArc xlink:type="arc" xlink:arcrole="http://www.xbrl.org/2003/arcrole/concept-label" xlink:from="OtherInventories" xlink:to="label_OtherInventories" />
    <link:loc xlink:type="locator" xlink:href="jpcrp030000-asr-001_E21955-000_2021-03-31_01_2021-06-30.xsd#jpcrp030000-asr_E21955-000_KawadaTadahiroMember" xlink:label="KawadaTadahiroMember" />
    <link:loc xlink:type="locator" xlink:href="jpcrp030000-asr-001_E21955-000_2021-03-31_01_2021-06-30.xsd#jpcrp030000-asr_E21955-000_WatanabeSatoruMember" xlink:label="WatanabeSatoruMember" />
    <link:loc xlink:type="locator" xlink:href="jpcrp030000-asr-001_E21955-000_2021-03-31_01_2021-06-30.xsd#jpcrp030000-asr_E21955-000_KawadaTakuyaMember" xlink:label="KawadaTakuyaMember" />
    <link:loc xlink:type="locator" xlink:href="jpcrp030000-asr-001_E21955-000_2021-03-31_01_2021-06-30.xsd#jpcrp030000-asr_E21955-000_MiyataKensakuMember" xlink:label="MiyataKensakuMember" />
    <link:loc xlink:type="locator" xlink:href="jpcrp030000-asr-001_E21955-000_2021-03-31_01_2021-06-30.xsd#jpcrp030000-asr_E21955-000_YamakawaTakahisaMember" xlink:label="YamakawaTakahisaMember" />
    <link:loc xlink:type="locator" xlink:href="jpcrp030000-asr-001_E21955-000_2021-03-31_01_2021-06-30.xsd#jpcrp030000-asr_E21955-000_TakakuwaKoichiMember" xlink:label="TakakuwaKoichiMember" />
    <link:loc xlink:type="locator" xlink:href="jpcrp030000-asr-001_E21955-000_2021-03-31_01_2021-06-30.xsd#jpcrp030000-asr_E21955-000_ItoShinsukeMember" xlink:label="ItoShinsukeMember" />
    <link:label xlink:type="resource" xlink:label="label_DecreaseIncreaseDueToPurchaseOfTreasurySharesFromConsolidatedSubsidiaries" xml:lang="en" xlink:role="http://www.xbrl.org/2003/role/label" id="label_DecreaseIncreaseDueToPurchaseOfTreasurySharesFromConsolidatedSubsidiaries">Decrease (Increase) due to purchase of treasury shares from consolidated subsidiaries</link:label>
    <link:labelArc xlink:type="arc" xlink:arcrole="http://www.xbrl.org/2003/arcrole/concept-label" xlink:from="DecreaseIncreaseDueToPurchaseOfTreasurySharesFromConsolidatedSubsidiaries" xlink:to="label_DecreaseIncreaseDueToPurchaseOfTreasurySharesFromConsolidatedSubsidiaries" />
    <link:label xlink:type="resource" xlink:label="label_DecreaseIncreaseDueToPurchaseOfTreasurySharesFromConsolidatedSubsidiaries_2" xml:lang="en" xlink:role="http://www.xbrl.org/2003/role/verboseLabel" id="label_DecreaseIncreaseDueToPurchaseOfTreasurySharesFromConsolidatedSubsidiaries_2">Decrease (Increase) due to purchase of treasury shares from consolidated subsidiaries</link:label>
    <link:labelArc xlink:type="arc" xlink:arcrole="http://www.xbrl.org/2003/arcrole/concept-label" xlink:from="DecreaseIncreaseDueToPurchaseOfTreasurySharesFromConsolidatedSubsidiaries" xlink:to="label_DecreaseIncreaseDueToPurchaseOfTreasurySharesFromConsolidatedSubsidiaries_2" />
    <link:label xlink:type="resource" xlink:label="label_PayrollsWagesAndCompensationSGA" xml:lang="en" xlink:role="http://www.xbrl.org/2003/role/label" id="label_PayrollsWagesAndCompensationSGA">Payrolls, wages, and compensation</link:label>
    <link:labelArc xlink:type="arc" xlink:arcrole="http://www.xbrl.org/2003/arcrole/concept-label" xlink:from="PayrollsWagesAndCompensationSGA" xlink:to="label_PayrollsWagesAndCompensationSGA" />
    <link:label xlink:type="resource" xlink:label="label_PayrollsWagesAndCompensationSGA_2" xml:lang="en" xlink:role="http://www.xbrl.org/2003/role/verboseLabel" id="label_PayrollsWagesAndCompensationSGA_2">Payrolls, wages, and compensation-SGA</link:label>
    <link:labelArc xlink:type="arc" xlink:arcrole="http://www.xbrl.org/2003/arcrole/concept-label" xlink:from="PayrollsWagesAndCompensationSGA" xlink:to="label_PayrollsWagesAndCompensationSGA_2" />
    <link:label xlink:type="resource" xlink:label="label_SteelStructureReportableSegmentsMember" xml:lang="en" xlink:role="http://www.xbrl.org/2003/role/label" id="label_SteelStructureReportableSegmentsMember">Steel structure</link:label>
    <link:labelArc xlink:type="arc" xlink:arcrole="http://www.xbrl.org/2003/arcrole/concept-label" xlink:from="SteelStructureReportableSegmentsMember" xlink:to="label_SteelStructureReportableSegmentsMember" />
    <link:label xlink:type="resource" xlink:label="label_SteelStructureReportableSegmentsMember_2" xml:lang="en" xlink:role="http://www.xbrl.org/2003/role/verboseLabel" id="label_SteelStructureReportableSegmentsMember_2">Steel structure, Reportable segments [member]</link:label>
    <link:labelArc xlink:type="arc" xlink:arcrole="http://www.xbrl.org/2003/arcrole/concept-label" xlink:from="SteelStructureReportableSegmentsMember" xlink:to="label_SteelStructureReportableSegmentsMember_2" />
    <link:label xlink:type="resource" xlink:label="label_EngineeringReportableSegmentsMember" xml:lang="en" xlink:role="http://www.xbrl.org/2003/role/label" id="label_EngineeringReportableSegmentsMember">Engineering</link:label>
    <link:labelArc xlink:type="arc" xlink:arcrole="http://www.xbrl.org/2003/arcrole/concept-label" xlink:from="EngineeringReportableSegmentsMember" xlink:to="label_EngineeringReportableSegmentsMember" />
    <link:label xlink:type="resource" xlink:label="label_EngineeringReportableSegmentsMember_2" xml:lang="en" xlink:role="http://www.xbrl.org/2003/role/verboseLabel" id="label_EngineeringReportableSegmentsMember_2">Engineering, Reportable segments [member]</link:label>
    <link:labelArc xlink:type="arc" xlink:arcrole="http://www.xbrl.org/2003/arcrole/concept-label" xlink:from="EngineeringReportableSegmentsMember" xlink:to="label_EngineeringReportableSegmentsMember_2" />
    <link:label xlink:type="resource" xlink:label="label_ArchitectureReportableSegmentsMember" xml:lang="en" xlink:role="http://www.xbrl.org/2003/role/label" id="label_ArchitectureReportableSegmentsMember">Architecture</link:label>
    <link:labelArc xlink:type="arc" xlink:arcrole="http://www.xbrl.org/2003/arcrole/concept-label" xlink:from="ArchitectureReportableSegmentsMember" xlink:to="label_ArchitectureReportableSegmentsMember" />
    <link:label xlink:type="resource" xlink:label="label_ArchitectureReportableSegmentsMember_2" xml:lang="en" xlink:role="http://www.xbrl.org/2003/role/verboseLabel" id="label_ArchitectureReportableSegmentsMember_2">Architecture, Reportable segments [member]</link:label>
    <link:labelArc xlink:type="arc" xlink:arcrole="http://www.xbrl.org/2003/arcrole/concept-label" xlink:from="ArchitectureReportableSegmentsMember" xlink:to="label_ArchitectureReportableSegmentsMember_2" />
    <link:label xlink:type="resource" xlink:label="label_KawadaTadahiroMember" xml:lang="en" xlink:role="http://www.xbrl.org/2003/role/verboseLabel" id="label_KawadaTadahiroMember">Kawada, Tadahiro [member]</link:label>
    <link:labelArc xlink:type="arc" xlink:arcrole="http://www.xbrl.org/2003/arcrole/concept-label" xlink:from="KawadaTadahiroMember" xlink:to="label_KawadaTadahiroMember" />
    <link:label xlink:type="resource" xlink:label="label_KawadaTadahiroMember_2" xml:lang="en" xlink:role="http://www.xbrl.org/2003/role/label" id="label_KawadaTadahiroMember_2">Kawada, Tadahiro</link:label>
    <link:labelArc xlink:type="arc" xlink:arcrole="http://www.xbrl.org/2003/arcrole/concept-label" xlink:from="KawadaTadahiroMember" xlink:to="label_KawadaTadahiroMember_2" />
    <link:label xlink:type="resource" xlink:label="label_WatanabeSatoruMember" xml:lang="en" xlink:role="http://www.xbrl.org/2003/role/verboseLabel" id="label_WatanabeSatoruMember">Watanabe, Satoru [member]</link:label>
    <link:labelArc xlink:type="arc" xlink:arcrole="http://www.xbrl.org/2003/arcrole/concept-label" xlink:from="WatanabeSatoruMember" xlink:to="label_WatanabeSatoruMember" />
    <link:label xlink:type="resource" xlink:label="label_WatanabeSatoruMember_2" xml:lang="en" xlink:role="http://www.xbrl.org/2003/role/label" id="label_WatanabeSatoruMember_2">Watanabe, Satoru</link:label>
    <link:labelArc xlink:type="arc" xlink:arcrole="http://www.xbrl.org/2003/arcrole/concept-label" xlink:from="WatanabeSatoruMember" xlink:to="label_WatanabeSatoruMember_2" />
    <link:label xlink:type="resource" xlink:label="label_KawadaTakuyaMember" xml:lang="en" xlink:role="http://www.xbrl.org/2003/role/verboseLabel" id="label_KawadaTakuyaMember">Kawada, Takuya [member]</link:label>
    <link:labelArc xlink:type="arc" xlink:arcrole="http://www.xbrl.org/2003/arcrole/concept-label" xlink:from="KawadaTakuyaMember" xlink:to="label_KawadaTakuyaMember" />
    <link:label xlink:type="resource" xlink:label="label_KawadaTakuyaMember_2" xml:lang="en" xlink:role="http://www.xbrl.org/2003/role/label" id="label_KawadaTakuyaMember_2">Kawada, Takuya</link:label>
    <link:labelArc xlink:type="arc" xlink:arcrole="http://www.xbrl.org/2003/arcrole/concept-label" xlink:from="KawadaTakuyaMember" xlink:to="label_KawadaTakuyaMember_2" />
    <link:label xlink:type="resource" xlink:label="label_MiyataKensakuMember" xml:lang="en" xlink:role="http://www.xbrl.org/2003/role/label" id="label_MiyataKensakuMember">Miyata, Kensaku</link:label>
    <link:labelArc xlink:type="arc" xlink:arcrole="http://www.xbrl.org/2003/arcrole/concept-label" xlink:from="MiyataKensakuMember" xlink:to="label_MiyataKensakuMember" />
    <link:label xlink:type="resource" xlink:label="label_MiyataKensakuMember_2" xml:lang="en" xlink:role="http://www.xbrl.org/2003/role/verboseLabel" id="label_MiyataKensakuMember_2">Miyata, Kensaku [member]</link:label>
    <link:labelArc xlink:type="arc" xlink:arcrole="http://www.xbrl.org/2003/arcrole/concept-label" xlink:from="MiyataKensakuMember" xlink:to="label_MiyataKensakuMember_2" />
    <link:label xlink:type="resource" xlink:label="label_YamakawaTakahisaMember" xml:lang="en" xlink:role="http://www.xbrl.org/2003/role/verboseLabel" id="label_YamakawaTakahisaMember">Yamakawa, Takahisa [member]</link:label>
    <link:labelArc xlink:type="arc" xlink:arcrole="http://www.xbrl.org/2003/arcrole/concept-label" xlink:from="YamakawaTakahisaMember" xlink:to="label_YamakawaTakahisaMember" />
    <link:label xlink:type="resource" xlink:label="label_YamakawaTakahisaMember_2" xml:lang="en" xlink:role="http://www.xbrl.org/2003/role/label" id="label_YamakawaTakahisaMember_2">Yamakawa, Takahisa</link:label>
    <link:labelArc xlink:type="arc" xlink:arcrole="http://www.xbrl.org/2003/arcrole/concept-label" xlink:from="YamakawaTakahisaMember" xlink:to="label_YamakawaTakahisaMember_2" />
    <link:label xlink:type="resource" xlink:label="label_TakakuwaKoichiMember" xml:lang="en" xlink:role="http://www.xbrl.org/2003/role/verboseLabel" id="label_TakakuwaKoichiMember">Takakuwa, Koichi [member]</link:label>
    <link:labelArc xlink:type="arc" xlink:arcrole="http://www.xbrl.org/2003/arcrole/concept-label" xlink:from="TakakuwaKoichiMember" xlink:to="label_TakakuwaKoichiMember" />
    <link:label xlink:type="resource" xlink:label="label_TakakuwaKoichiMember_2" xml:lang="en" xlink:role="http://www.xbrl.org/2003/role/label" id="label_TakakuwaKoichiMember_2">Takakuwa, Koichi</link:label>
    <link:labelArc xlink:type="arc" xlink:arcrole="http://www.xbrl.org/2003/arcrole/concept-label" xlink:from="TakakuwaKoichiMember" xlink:to="label_TakakuwaKoichiMember_2" />
    <link:label xlink:type="resource" xlink:label="label_ItoShinsukeMember" xml:lang="en" xlink:role="http://www.xbrl.org/2003/role/verboseLabel" id="label_ItoShinsukeMember">Ito, Shinsuke [member]</link:label>
    <link:labelArc xlink:type="arc" xlink:arcrole="http://www.xbrl.org/2003/arcrole/concept-label" xlink:from="ItoShinsukeMember" xlink:to="label_ItoShinsukeMember" />
    <link:label xlink:type="resource" xlink:label="label_ItoShinsukeMember_2" xml:lang="en" xlink:role="http://www.xbrl.org/2003/role/label" id="label_ItoShinsukeMember_2">Ito, Shinsuke</link:label>
    <link:labelArc xlink:type="arc" xlink:arcrole="http://www.xbrl.org/2003/arcrole/concept-label" xlink:from="ItoShinsukeMember" xlink:to="label_ItoShinsukeMember_2" />
    <link:label xlink:type="resource" xlink:label="label_ShigeoTakagiMember" xml:lang="en" xlink:role="http://www.xbrl.org/2003/role/verboseLabel" id="label_ShigeoTakagiMember">Shigeo Takagi[member]</link:label>
    <link:labelArc xlink:type="arc" xlink:arcrole="http://www.xbrl.org/2003/arcrole/concept-label" xlink:from="ShigeoTakagiMember" xlink:to="label_ShigeoTakagiMember" />
    <link:label xlink:type="resource" xlink:label="label_ShigeoTakagiMember_2" xml:lang="en" xlink:role="http://www.xbrl.org/2003/role/label" id="label_ShigeoTakagiMember_2">Takagi, Shigeo</link:label>
    <link:labelArc xlink:type="arc" xlink:arcrole="http://www.xbrl.org/2003/arcrole/concept-label" xlink:from="ShigeoTakagiMember" xlink:to="label_ShigeoTakagiMember_2" />
    <link:label xlink:type="resource" xlink:label="label_FukuchiKeikoMember" xml:lang="en" xlink:role="http://www.xbrl.org/2003/role/label" id="label_FukuchiKeikoMember">Fukuchi, Keiko</link:label>
    <link:labelArc xlink:type="arc" xlink:arcrole="http://www.xbrl.org/2003/arcrole/concept-label" xlink:from="FukuchiKeikoMember" xlink:to="label_FukuchiKeikoMember" />
    <link:label xlink:type="resource" xlink:label="label_FukuchiKeikoMember_2" xml:lang="en" xlink:role="http://www.xbrl.org/2003/role/verboseLabel" id="label_FukuchiKeikoMember_2">Fukuchi, Keiko [member]</link:label>
    <link:labelArc xlink:type="arc" xlink:arcrole="http://www.xbrl.org/2003/arcrole/concept-label" xlink:from="FukuchiKeikoMember" xlink:to="label_FukuchiKeikoMember_2" />
    <link:label xlink:type="resource" xlink:label="label_NonMonetaryRemunerationRemunerationByCategoryOfDirectorsAndOtherOfficers" xml:lang="en" xlink:role="http://www.xbrl.org/2003/role/label" id="label_NonMonetaryRemunerationRemunerationByCategoryOfDirectorsAndOtherOfficers">Non-monetary remuneration</link:label>
    <link:labelArc xlink:type="arc" xlink:arcrole="http://www.xbrl.org/2003/arcrole/concept-label" xlink:from="NonMonetaryRemunerationRemunerationByCategoryOfDirectorsAndOtherOfficers" xlink:to="label_NonMonetaryRemunerationRemunerationByCategoryOfDirectorsAndOtherOfficers" />
    <link:label xlink:type="resource" xlink:label="label_NonMonetaryRemunerationRemunerationByCategoryOfDirectorsAndOtherOfficers_2" xml:lang="en" xlink:role="http://www.xbrl.org/2003/role/verboseLabel" id="label_NonMonetaryRemunerationRemunerationByCategoryOfDirectorsAndOtherOfficers_2">Non-monetary remuneration, Remuneration by category of directors (and other officers)</link:label>
    <link:labelArc xlink:type="arc" xlink:arcrole="http://www.xbrl.org/2003/arcrole/concept-label" xlink:from="NonMonetaryRemunerationRemunerationByCategoryOfDirectorsAndOtherOfficers" xlink:to="label_NonMonetaryRemunerationRemunerationByCategoryOfDirectorsAndOtherOfficers_2" />
  </link:labelLink>
</link:linkbase>